DATE,TMHSI,TMHI,DthMHSI,DthMHI,SpdMHSI,SpdMHI,,,,,,,
10-7-2021-17:10:30,61.07883,134.6559,-7.666168,-25.15147,0.0,0.0,,,,,,,
10-7-2021-17:10:31,59.94701,132.1606,-7.658299,-25.12565,3.25596e-2,1.06823e-1,,,,,,,
10-7-2021-17:10:32,33.66381,74.21606,-7.596164,-24.9218,3.093166,10.14818,,,,,,,
10-7-2021-17:10:33,20.58512,45.38245,-7.504455,-24.62091,6.056094,19.86907,,,,,,,
10-7-2021-17:10:34,21.46539,47.32312,-7.336501,-24.06989,9.279498,30.44455,,,,,,,
10-7-2021-17:10:35,20.58512,45.38245,-7.153625,-23.4699,10.71212,35.14476,,,,,,,
10-7-2021-17:10:36,26.36991,58.13574,-7.153353,-23.46901,0.0,0.0,,,,,,,
10-7-2021-17:10:37,25.36389,55.91785,-7.153625,-23.4699,-3.25596e-2,-1.06823e-1,,,,,,,
10-7-2021-17:10:38,26.87295,59.24475,-7.162307,-23.49838,0.0,0.0,,,,,,,
10-7-2021-17:10:40,24.60936,54.25439,-7.162307,-23.49838,0.0,0.0,,,,,,,
10-7-2021-17:10:41,24.10632,53.14539,-7.162307,-23.49838,0.0,0.0,,,,,,,
10-7-2021-17:10:42,23.72903,52.3136,-7.162307,-23.49838,0.0,0.0,,,,,,,
10-7-2021-17:10:43,24.23207,53.42261,-7.162307,-23.49838,0.0,0.0,,,,,,,
10-7-2021-17:10:44,24.60936,54.25439,-7.162307,-23.49838,0.0,0.0,,,,,,,
10-7-2021-17:10:45,23.98058,52.86816,-7.162307,-23.49838,0.0,0.0,,,,,,,
10-7-2021-17:10:46,24.48356,53.97705,-7.162307,-23.49838,0.0,0.0,,,,,,,
10-7-2021-17:10:47,24.10632,53.14539,-7.162307,-23.49838,0.0,0.0,,,,,,,
10-7-2021-17:10:48,24.10632,53.14539,-7.162307,-23.49838,0.0,0.0,,,,,,,
10-7-2021-17:10:49,24.48356,53.97705,-7.162307,-23.49838,0.0,0.0,,,,,,,
10-7-2021-17:10:50,24.23207,53.42261,-7.159322,-23.48859,0.0,0.0,,,,,,,
10-7-2021-17:10:51,18.32147,40.39197,-6.953112,-22.81205,12.60058,41.34049,,,,,,,
10-7-2021-17:10:52,20.45937,45.10522,-6.615848,-21.70554,19.63346,64.41425,,,,,,,
10-7-2021-17:10:53,21.2139,46.76868,-6.173308,-20.25364,26.79658,87.9153,,,,,,,
10-7-2021-17:10:54,21.71694,47.87769,-5.727784,-18.79194,26.89426,88.23577,,,,,,,
10-7-2021-17:10:55,21.2139,46.76868,-5.293926,-17.36852,25.52676,83.74921,,,,,,,
10-7-2021-17:10:56,21.2139,46.76868,-4.861969,-15.95134,26.04771,85.45837,,,,,,,
10-7-2021-17:10:57,23.10025,50.92737,-4.428654,-14.5297,24.71277,81.07864,,,,,,,
10-7-2021-17:10:58,23.10025,50.92737,-3.983943,-13.07068,24.68021,80.97182,,,,,,,
10-7-2021-17:10:59,22.09417,48.70935,-3.551714,-11.65261,25.39652,83.32191,,,,,,,
10-7-2021-17:11:00,22.21997,48.98669,-3.115144,-10.22029,25.98259,85.24473,,,,,,,
10-7-2021-17:11:01,22.72296,50.09558,-2.685628,-8.811114,24.77789,81.29227,,,,,,,
10-7-2021-17:11:02,21.96843,48.43213,-2.240103,-7.34942,26.69891,87.59484,,,,,,,
10-7-2021-17:11:03,21.46539,47.32312,-1.790509,-5.874373,26.69891,87.59484,,,,,,,
10-7-2021-17:11:04,21.59119,47.60046,-1.316766,-4.320099,27.61057,90.58588,,,,,,,
10-7-2021-17:11:05,22.21997,48.98669,-8.35969e-1,-2.74268,27.83849,91.33363,,,,,,,
10-7-2021-17:11:06,22.59721,49.81836,-3.37535e-1,-1.107398,29.30368,96.14067,,,,,,,
10-7-2021-17:11:07,22.21997,48.98669,1.44076e-1,4.72692e-1,28.29433,92.82915,,,,,,,
10-7-2021-17:11:08,22.21997,48.98669,6.3627e-1,2.087499,45.81142,150.2999,,,,,,,
10-7-2021-17:11:09,21.96843,48.43213,1.170519,3.840286,30.70374,100.7341,,,,,,,
10-7-2021-17:11:10,20.71086,45.65967,1.773958,5.820071,38.84365,127.4398,,,,,,,
10-7-2021-17:11:11,17.18965,37.89673,1.788067,5.866362,4.88395e-1,1.602345,,,,,,,
10-7-2021-17:11:12,23.60328,52.03638,1.788338,5.867251,0.0,0.0,,,,,,,
10-7-2021-17:11:13,23.47754,51.75916,1.833379,6.015023,0.0,0.0,,,,,,,
10-7-2021-17:11:15,18.32147,40.39197,2.198047,7.211441,25.85235,84.81744,,,,,,,
10-7-2021-17:11:16,22.21997,48.98669,2.765127,9.07194,40.82979,133.956,,,,,,,
10-7-2021-17:11:17,23.47754,51.75916,3.55687,11.66952,49.94649,163.8664,,,,,,,
10-7-2021-17:11:18,21.46539,47.32312,4.401792,14.44158,49.97905,163.9733,,,,,,,
10-7-2021-17:11:19,20.45937,45.10522,5.296368,17.37654,53.43037,175.2965,,,,,,,
10-7-2021-17:11:20,24.48356,53.97705,6.286724,20.62573,60.69117,199.118,,,,,,,
10-7-2021-17:11:21,22.21997,48.98669,7.398636,24.27374,64.82624,212.6845,,,,,,,
10-7-2021-17:11:22,20.71086,45.65967,8.673346,28.45586,71.72889,235.331,,,,,,,
10-7-2021-17:11:23,22.59721,49.81836,9.935575,32.59703,116.7589,383.0672,,,,,,,
10-7-2021-17:11:24,20.58512,45.38245,11.26808,36.96876,79.47808,260.7549,,,,,,,
10-7-2021-17:11:25,18.69876,41.22375,12.74167,41.80339,86.51097,283.8286,,,,,,,
10-7-2021-17:11:26,20.58512,45.38245,14.27523,46.83475,90.38557,296.5406,,,,,,,
10-7-2021-17:11:27,18.57302,40.94653,15.83402,51.9489,92.11123,302.2022,,,,,,,
10-7-2021-17:11:28,18.06998,39.83752,17.37925,57.01854,92.24147,302.6295,,,,,,,
10-7-2021-17:11:29,18.32147,40.39197,18.94021,62.13981,91.6554,300.7067,,,,,,,
10-7-2021-17:11:30,20.20782,44.55066,20.52017,67.32339,92.92521,304.8727,,,,,,,
10-7-2021-17:11:31,24.48356,53.97705,22.10528,72.5239,93.18569,305.7273,,,,,,,
10-7-2021-17:11:32,23.47754,51.75916,23.73354,77.86594,95.0416,311.8163,,,,,,,
10-7-2021-17:11:33,19.70484,43.44177,25.32733,83.09492,93.86945,307.9706,,,,,,,
10-7-2021-17:11:34,20.20782,44.55066,26.9412,88.38978,95.88815,314.5937,,,,,,,
10-7-2021-17:11:35,20.45937,45.10522,28.5407,93.63745,95.13927,312.1367,,,,,,,
10-7-2021-17:11:36,20.08208,44.27344,30.18849,99.04359,96.7347,317.371,,,,,,,
10-7-2021-17:11:37,19.83059,43.71899,31.81728,104.3874,95.56255,313.5254,,,,,,,
10-7-2021-17:11:38,19.70484,43.44177,33.4648,109.7926,97.12541,318.6529,,,,,,,
10-7-2021-17:11:39,21.08815,46.49146,35.09631,115.1454,95.59511,313.6322,,,,,,,
10-7-2021-17:11:40,21.08815,46.49146,36.76228,120.6111,96.53934,316.7301,,,,,,,
10-7-2021-17:11:41,20.45937,45.10522,38.4334,126.0938,101.1302,331.7921,,,,,,,
10-7-2021-17:11:42,20.45937,45.10522,40.12623,131.6477,100.0883,328.3738,,,,,,,
10-7-2021-17:11:43,21.59119,47.60046,41.91403,137.5132,105.7212,346.8542,,,,,,,
10-7-2021-17:11:44,22.09417,48.70935,43.71919,143.4357,109.3353,358.7115,,,,,,,
10-7-2021-17:11:45,22.21997,48.98669,45.53167,149.3821,106.7305,350.1657,,,,,,,
10-7-2021-17:11:46,20.58512,45.38245,47.42176,155.5832,105.8514,347.2815,,,,,,,
10-7-2021-17:11:47,23.72903,52.3136,49.24185,161.5546,107.6747,353.2635,,,,,,,
10-7-2021-17:11:48,21.59119,47.60046,51.06953,167.5509,109.7585,360.1002,,,,,,,
10-7-2021-17:11:49,20.96241,46.21423,52.88635,173.5117,108.9771,357.5365,,,,,,,
10-7-2021-17:11:50,20.96241,46.21423,54.72299,179.5374,106.0793,348.0292,,,,,,,
10-7-2021-17:11:51,20.96241,46.21423,56.54335,185.5097,107.9026,354.0113,,,,,,,
10-7-2021-17:11:52,22.9745,50.65015,58.42095,191.6698,106.6003,349.7384,,,,,,,
10-7-2021-17:11:53,19.32755,42.60999,60.25026,197.6714,108.0655,354.5454,,,,,,,
10-7-2021-17:11:54,23.22599,51.20459,62.09151,203.7123,107.5771,352.9431,,,,,,,
10-7-2021-17:11:55,20.45937,45.10522,63.92868,209.7398,106.5352,349.5248,,,,,,,
10-7-2021-17:11:57,23.72903,52.3136,65.80249,215.8874,106.7956,350.3794,,,,,,,
10-7-2021-17:11:58,20.20782,44.55066,67.62366,221.8624,106.2421,348.5634,,,,,,,
10-7-2021-17:11:59,22.09417,48.70935,69.46464,227.9024,108.0003,354.3318,,,,,,,
10-7-2021-17:12:00,22.59721,49.81836,71.29883,233.92,107.6422,353.1567,,,,,,,
10-7-2021-17:12:01,21.59119,47.60046,73.12082,239.8977,108.8794,357.216,,,,,,,
10-7-2021-17:12:02,18.82451,41.50098,74.94279,245.8753,108.2608,355.1864,,,,,,,
10-7-2021-17:12:03,22.59721,49.81836,76.76451,251.8521,109.726,359.9934,,,,,,,
10-7-2021-17:12:04,20.96241,46.21423,78.59084,257.8439,110.54,362.664,,,,,,,
10-7-2021-17:12:05,21.71694,47.87769,80.42529,263.8625,109.5632,359.4593,,,,,,,
10-7-2021-17:12:06,31.40023,69.22571,81.86036,268.5707,77.06867,252.85,,,,,,,
10-7-2021-17:12:07,22.9745,50.65015,83.21159,273.0039,79.05481,259.3662,,,,,,,
10-7-2021-17:12:08,22.09417,48.70935,84.63255,277.6658,78.92457,258.9389,,,,,,,
10-7-2021-17:12:09,23.60328,52.03638,85.98079,282.0892,79.31529,260.2208,,,,,,,
10-7-2021-17:12:10,20.96241,46.21423,87.58733,287.36,95.79047,314.2732,,,,,,,
10-7-2021-17:12:11,22.09417,48.70935,89.14342,292.4653,92.43682,303.2704,,,,,,,
10-7-2021-17:12:12,22.72296,50.09558,90.70601,297.5919,90.97164,298.4634,,,,,,,
10-7-2021-17:12:13,23.47754,51.75916,92.26127,302.6945,91.91586,301.5612,,,,,,,
10-7-2021-17:12:14,20.58512,45.38245,94.16954,308.9552,98.00452,321.5371,,,,,,,
10-7-2021-17:12:15,22.9745,50.65015,96.02326,315.037,107.4794,352.6226,,,,,,,
10-7-2021-17:12:16,20.20782,44.55066,97.87456,321.1107,112.1354,367.8983,,,,,,,
10-7-2021-17:12:17,21.59119,47.60046,99.71553,327.1507,109.2701,358.4979,,,,,,,
10-7-2021-17:12:18,22.09417,48.70935,101.5538,333.1817,110.54,362.664,,,,,,,
10-7-2021-17:12:19,25.99267,57.30408,103.3948,339.2217,107.3491,352.1953,,,,,,,
10-7-2021-17:12:20,21.08815,46.49146,105.2588,345.3373,109.9213,360.6343,,,,,,,
10-7-2021-17:12:21,19.70484,43.44177,107.144,351.5223,109.3678,358.8183,,,,,,,
10-7-2021-17:12:22,21.2139,46.76868,109.1421,358.0777,111.2563,365.0141,,,,,,,
10-7-2021-17:12:23,22.09417,48.70935,111.0227,364.2476,110.4423,362.3435,,,,,,,
10-7-2021-17:12:24,22.59721,49.81836,112.8992,370.4042,113.3727,371.9576,,,,,,,
10-7-2021-17:12:25,24.48356,53.97705,114.7744,376.5563,111.5493,365.9755,,,,,,,
10-7-2021-17:12:26,23.60328,52.03638,116.6704,382.777,110.5725,362.7708,,,,,,,
10-7-2021-17:12:27,23.10025,50.92737,118.545,388.9273,109.6609,359.7798,,,,,,,
10-7-2021-17:12:29,28.25626,62.29443,120.3706,394.9165,103.442,339.3766,,,,,,,
10-7-2021-17:12:30,32.15475,70.88916,121.6434,399.0924,71.53353,234.6901,,,,,,,
10-7-2021-17:12:31,23.98058,52.86816,122.8966,403.2042,67.13799,220.269,,,,,,,
10-7-2021-17:12:32,26.49571,58.41309,124.0411,406.959,67.07287,220.0553,,,,,,,
10-7-2021-17:12:33,27.12449,59.79932,125.1823,410.7032,66.22631,217.2779,,,,,,,
10-7-2021-17:12:34,25.48963,56.19507,126.3089,414.3992,66.64959,218.6666,,,,,,,
10-7-2021-17:12:35,23.98058,52.86816,127.4409,418.1131,67.23566,220.5894,,,,,,,
10-7-2021-17:12:36,27.87902,61.46277,128.5767,421.8394,66.03096,216.637,,,,,,,
10-7-2021-17:12:37,20.20782,44.55066,129.6978,425.5177,66.45423,218.0257,,,,,,,
10-7-2021-17:12:38,25.48963,56.19507,130.8255,429.2174,66.38911,217.812,,,,,,,
10-7-2021-17:12:39,26.11842,57.5813,131.9569,432.9295,66.51935,218.2393,,,,,,,
10-7-2021-17:12:40,25.36389,55.91785,133.1654,436.8944,65.96584,216.4233,,,,,,,
10-7-2021-17:12:41,25.86693,57.02686,134.3123,440.6572,66.71471,218.8803,,,,,,,
10-7-2021-17:12:42,25.11234,55.36328,135.4476,444.3818,67.30078,220.8031,,,,,,,
10-7-2021-17:12:43,25.99267,57.30408,136.5801,448.0974,65.83559,215.996,,,,,,,
10-7-2021-17:12:44,25.36389,55.91785,137.7181,451.8309,66.51935,218.2393,,,,,,,
10-7-2021-17:12:45,26.36991,58.13574,138.843,455.5216,66.38911,217.812,,,,,,,
10-7-2021-17:12:46,24.73511,54.53162,139.9918,459.2907,66.64959,218.6666,,,,,,,
10-7-2021-17:12:47,25.61538,56.47229,141.1208,462.9948,66.22631,217.2779,,,,,,,
10-7-2021-17:12:48,28.00477,61.73999,142.2721,466.7719,66.32399,217.5984,,,,,,,
10-7-2021-17:12:49,25.99267,57.30408,143.3986,470.468,66.48679,218.1325,,,,,,,
10-7-2021-17:12:50,26.62145,58.69031,144.5238,474.1596,67.17054,220.3758,,,,,,,
10-7-2021-17:12:51,25.11234,55.36328,145.6564,477.8752,65.99839,216.5302,,,,,,,
10-7-2021-17:12:52,22.59721,49.81836,146.8011,481.631,66.19375,217.1711,,,,,,,
10-7-2021-17:12:53,17.69269,39.00574,147.9185,485.2968,66.12863,216.9574,,,,,,,
10-7-2021-17:12:54,17.81844,39.28296,149.0553,489.0266,66.8775,219.4144,,,,,,,
10-7-2021-17:12:55,21.96843,48.43213,150.1857,492.7352,65.80303,215.8892,,,,,,,
10-7-2021-17:12:56,21.71694,47.87769,151.3369,496.5123,66.32399,217.5984,,,,,,,
10-7-2021-17:12:57,24.48356,53.97705,152.4597,500.1959,67.49614,221.444,,,,,,,
10-7-2021-17:12:58,20.58512,45.38245,153.7428,504.4056,75.21277,246.761,,,,,,,
10-7-2021-17:12:59,23.98058,52.86816,155.1076,508.8833,78.98969,259.1525,,,,,,,
10-7-2021-17:13:00,24.48356,53.97705,156.6957,514.0936,87.2924,286.3924,,,,,,,
10-7-2021-17:13:01,22.59721,49.81836,158.5459,520.1638,111.2563,365.0141,,,,,,,
10-7-2021-17:13:02,24.60936,54.25439,160.4216,526.3177,108.1306,354.7591,,,,,,,
10-7-2021-17:13:03,21.08815,46.49146,162.3497,532.6434,113.6006,372.7054,,,,,,,
10-7-2021-17:13:05,20.58512,45.38245,164.9214,541.0806,126.5593,415.2209,,,,,,,
10-7-2021-17:13:06,23.98058,52.86816,167.133,548.3365,132.0945,433.3808,,,,,,,
10-7-2021-17:13:07,25.11234,55.36328,169.3848,555.7242,131.02,429.8556,,,,,,,
10-7-2021-17:13:08,26.87295,59.24475,171.6485,563.1511,131.3456,430.9239,,,,,,,
10-7-2021-17:13:09,17.69269,39.00574,173.888,570.4988,131.7363,432.2057,,,,,,,
10-7-2021-17:13:10,26.11842,57.5813,176.1379,577.8802,130.9223,429.5352,,,,,,,
10-7-2021-17:13:11,23.22599,51.20459,178.3712,585.2074,132.9736,436.265,,,,,,,
10-7-2021-17:13:12,26.11842,57.5813,180.6251,592.6022,131.834,432.5262,,,,,,,
10-7-2021-17:13:13,24.23207,53.42261,182.865,599.9507,131.9317,432.8467,,,,,,,
10-7-2021-17:13:14,20.58512,45.38245,185.2755,607.8592,132.7457,435.5172,,,,,,,
10-7-2021-17:13:15,20.96241,46.21423,187.5889,615.449,136.7831,448.7633,,,,,,,
10-7-2021-17:13:16,19.07606,42.05554,189.8889,622.9951,135.5132,444.5972,,,,,,,
10-7-2021-17:13:17,21.59119,47.60046,192.1876,630.5368,134.1457,440.1107,,,,,,,
10-7-2021-17:13:18,22.72296,50.09558,194.4888,638.0865,136.0016,446.1995,,,,,,,
10-7-2021-17:13:19,21.46539,47.32312,196.7964,645.6576,140.3646,460.5138,,,,,,,
10-7-2021-17:13:20,25.99267,57.30408,199.0962,653.2029,138.8343,455.4931,,,,,,,
10-7-2021-17:13:21,20.71086,45.65967,201.475,661.0072,136.8807,449.0838,,,,,,,
10-7-2021-17:13:22,22.21997,48.98669,203.7734,668.548,135.5458,444.704,,,,,,,
10-7-2021-17:13:23,20.96241,46.21423,206.0849,676.1315,136.1644,446.7336,,,,,,,
10-7-2021-17:13:24,21.59119,47.60046,208.385,683.6777,138.411,454.1045,,,,,,,
10-7-2021-17:13:25,19.57904,43.16443,210.7002,691.2737,138.0529,452.9294,,,,,,,
10-7-2021-17:13:26,17.69269,39.00574,213.0282,698.9116,139.6483,458.1637,,,,,,,
10-7-2021-17:13:27,19.70484,43.44177,215.3565,706.5503,135.1876,443.529,,,,,,,
10-7-2021-17:13:28,23.22599,51.20459,217.6761,714.1605,136.6528,448.336,,,,,,,
10-7-2021-17:13:29,30.26841,66.73047,219.9827,721.728,135.383,444.1699,,,,,,,
10-7-2021-17:13:30,21.71694,47.87769,222.3232,729.4068,137.4994,451.1134,,,,,,,
10-7-2021-17:13:31,25.36389,55.91785,224.6282,736.969,135.5784,444.8109,,,,,,,
10-7-2021-17:13:32,17.81844,39.28296,226.9494,744.5846,136.6203,448.2292,,,,,,,
10-7-2021-17:13:33,24.9866,55.08606,229.2603,752.1663,135.9691,446.0927,,,,,,,
10-7-2021-17:13:35,21.46539,47.32312,231.7324,760.2769,137.4017,450.7929,,,,,,,
10-7-2021-17:13:36,19.83059,43.71899,234.0618,767.9192,136.3598,447.3746,,,,,,,
10-7-2021-17:13:37,23.72903,52.3136,236.3762,775.5125,137.011,449.511,,,,,,,
10-7-2021-17:13:38,24.60936,54.25439,238.74,783.2678,136.5877,448.1224,,,,,,,
10-7-2021-17:13:39,25.86693,57.02686,241.6512,792.8187,138.0529,452.9294,,,,,,,
10-7-2021-17:13:40,22.59721,49.81836,243.9705,800.4281,137.9226,452.5021,,,,,,,
10-7-2021-17:13:41,27.87902,61.46277,246.3199,808.1362,136.0667,446.4132,,,,,,,
10-7-2021-17:13:42,23.72903,52.3136,248.6387,815.7438,137.2714,450.3656,,,,,,,
10-7-2021-17:13:43,21.2139,46.76868,250.9941,823.4716,136.197,446.8405,,,,,,,
10-7-2021-17:13:44,20.71086,45.65967,253.4611,831.5652,138.0529,452.9294,,,,,,,
10-7-2021-17:13:45,22.72296,50.09558,255.8162,839.2921,136.2621,447.0541,,,,,,,
10-7-2021-17:13:46,22.47146,49.54114,258.1513,846.9531,137.2714,450.3656,,,,,,,
10-7-2021-17:13:47,23.22599,51.20459,260.4915,854.6309,136.3598,447.3746,,,,,,,
10-7-2021-17:13:48,25.86693,57.02686,262.7992,862.202,136.7505,448.6565,,,,,,,
10-7-2021-17:13:49,24.48356,53.97705,265.0946,869.733,134.6667,441.8198,,,,,,,
10-7-2021-17:13:50,30.77144,67.83948,267.3939,877.2765,135.7737,445.4518,,,,,,,
10-7-2021-17:13:51,25.48963,56.19507,269.6953,884.8271,134.8295,442.3539,,,,,,,
10-7-2021-17:13:52,25.48963,56.19507,272.267,893.2643,136.0342,446.3064,,,,,,,
10-7-2021-17:13:53,26.99869,59.52197,274.5706,900.8221,134.9923,442.888,,,,,,,
10-7-2021-17:13:54,22.9745,50.65015,276.8956,908.4501,134.3736,440.8584,,,,,,,
10-7-2021-17:13:55,24.23207,53.42261,279.191,915.9811,135.9365,445.9859,,,,,,,
10-7-2021-17:13:56,25.48963,56.19507,281.5009,923.5593,134.6992,441.9266,,,,,,,
10-7-2021-17:13:57,27.62747,60.9082,283.7993,931.1002,136.1644,446.7336,,,,,,,
10-7-2021-17:13:58,26.62145,58.69031,286.1317,938.7523,134.7969,442.2471,,,,,,,
10-7-2021-17:14:00,26.11842,57.5813,288.4266,946.2815,136.3598,447.3746,,,,,,,
10-7-2021-17:14:01,27.37598,60.35376,290.8849,954.3466,137.1086,449.8315,,,,,,,
10-7-2021-17:14:02,30.5199,67.28491,293.1947,961.9248,137.825,452.1816,,,,,,,
10-7-2021-17:14:03,27.50173,60.63098,295.5154,969.5386,135.6435,445.0245,,,,,,,
10-7-2021-17:14:04,24.9866,55.08606,297.8266,977.1213,134.7644,442.1403,,,,,,,
10-7-2021-17:14:05,23.98058,52.86816,300.1443,984.7253,135.5132,444.5972,,,,,,,
10-7-2021-17:14:06,22.59721,49.81836,302.4547,992.3053,134.2108,440.3243,,,,,,,
10-7-2021-17:14:07,30.39415,67.00769,304.7697,999.9004,138.411,454.1045,,,,,,,
10-7-2021-17:14:08,26.11842,57.5813,307.0795,1007.479,134.7318,442.0334,,,,,,,
10-7-2021-17:14:09,27.37598,60.35376,309.3801,1015.026,200.5348,657.9227,,,,,,,
10-7-2021-17:14:10,31.14868,68.67114,311.726,1022.723,135.1551,443.4221,,,,,,,
10-7-2021-17:14:11,27.50173,60.63098,314.0616,1030.386,135.676,445.1313,,,,,,,
10-7-2021-17:14:12,30.5199,67.28491,316.3663,1037.947,134.6992,441.9266,,,,,,,
10-7-2021-17:14:13,27.87902,61.46277,318.6797,1045.537,136.3272,447.2678,,,,,,,
10-7-2021-17:14:14,28.5078,62.849,321.0028,1053.159,135.1551,443.4221,,,,,,,
10-7-2021-17:14:15,30.77144,67.83948,323.3208,1060.764,135.8388,445.6654,,,,,,,
10-7-2021-17:14:16,27.62747,60.9082,325.6219,1068.313,136.1644,446.7336,,,,,,,
10-7-2021-17:14:17,29.01084,63.95801,327.957,1075.974,138.6715,454.959,,,,,,,
10-7-2021-17:14:18,29.51388,65.06702,330.2663,1083.551,135.2853,443.8494,,,,,,,
10-7-2021-17:14:19,26.99869,59.52197,332.575,1091.125,136.3272,447.2678,,,,,,,
10-7-2021-17:14:20,29.89112,65.89868,334.8903,1098.721,138.8017,455.3863,,,,,,,
10-7-2021-17:14:21,28.88504,63.68066,337.195,1106.283,136.3272,447.2678,,,,,,,
10-7-2021-17:14:22,29.26233,64.51245,339.516,1113.897,135.5784,444.8109,,,,,,,
10-7-2021-17:14:23,27.87902,61.46277,341.8448,1121.538,137.2389,450.2588,,,,,,,
10-7-2021-17:14:24,32.15475,70.88916,344.2979,1129.586,136.0016,446.1995,,,,,,,
10-7-2021-17:14:25,28.88504,63.68066,346.6316,1137.243,138.5738,454.6385,,,,,,,
10-7-2021-17:14:26,31.14868,68.67114,348.9384,1144.811,138.0854,453.0362,,,,,,,
10-7-2021-17:14:27,25.86693,57.02686,351.2811,1152.497,135.8714,445.7722,,,,,,,
10-7-2021-17:14:28,31.40023,69.22571,353.633,1160.213,135.5784,444.8109,,,,,,,
10-7-2021-17:14:29,30.5199,67.28491,355.9477,1167.807,136.0342,446.3064,,,,,,,
10-7-2021-17:14:30,28.38206,62.57178,358.2605,1175.395,136.0342,446.3064,,,,,,,
10-7-2021-17:14:31,28.25626,62.29443,360.5742,1182.986,135.9365,445.9859,,,,,,,
10-7-2021-17:14:32,29.76537,65.62146,362.8929,1190.594,135.5784,444.8109,,,,,,,
10-7-2021-17:14:33,29.89112,65.89868,365.199,1198.159,136.0342,446.3064,,,,,,,
10-7-2021-17:14:34,25.86693,57.02686,367.546,1205.859,135.8388,445.6654,,,,,,,
10-7-2021-17:14:35,32.78354,72.27539,369.8531,1213.429,136.0667,446.4132,,,,,,,
10-7-2021-17:14:36,34.16685,75.32507,372.1779,1221.056,135.5784,444.8109,,,,,,,
10-7-2021-17:14:38,31.77746,70.05737,374.4879,1228.635,136.3598,447.3746,,,,,,,
10-7-2021-17:14:39,33.28658,73.3844,376.8222,1236.293,135.5132,444.5972,,,,,,,
10-7-2021-17:14:40,34.16685,75.32507,379.1673,1243.987,136.8156,448.8701,,,,,,,
10-7-2021-17:14:41,27.62747,60.9082,381.5008,1251.643,135.7411,445.345,,,,,,,
10-7-2021-17:14:42,31.77746,70.05737,383.8255,1259.27,135.7411,445.345,,,,,,,
10-7-2021-17:14:43,25.61538,56.47229,386.1378,1266.856,137.0761,449.7247,,,,,,,
10-7-2021-17:14:44,36.17894,79.76099,388.462,1274.482,138.5738,454.6385,,,,,,,
10-7-2021-17:14:45,32.15475,70.88916,390.8893,1282.445,139.6809,458.2705,,,,,,,
10-7-2021-17:14:46,31.65172,69.78015,393.2032,1290.037,140.6251,461.3684,,,,,,,
10-7-2021-17:14:47,31.40023,69.22571,395.553,1297.746,137.8901,452.3953,,,,,,,
10-7-2021-17:14:48,35.29867,77.82031,397.865,1305.331,136.6854,448.4428,,,,,,,
10-7-2021-17:14:49,30.89719,68.1167,400.1876,1312.951,138.7366,455.1727,,,,,,,
10-7-2021-17:14:50,31.40023,69.22571,402.5047,1320.554,139.8437,458.8047,,,,,,,
10-7-2021-17:14:51,30.39415,67.00769,404.8279,1328.175,137.1086,449.8315,,,,,,,
10-7-2021-17:14:52,32.90929,72.55261,407.1505,1335.795,135.7086,445.2381,,,,,,,
10-7-2021-17:14:53,35.17292,77.54309,409.4877,1343.464,136.2621,447.0541,,,,,,,
10-7-2021-17:14:54,34.66989,76.43408,411.8192,1351.113,135.6435,445.0245,,,,,,,
10-7-2021-17:14:55,31.77746,70.05737,414.1293,1358.692,136.9784,449.4042,,,,,,,
10-7-2021-17:14:56,29.89112,65.89868,416.4579,1366.332,135.7737,445.4518,,,,,,,
10-7-2021-17:14:57,34.92138,76.98853,418.7984,1374.01,136.4575,447.6951,,,,,,,
10-7-2021-17:14:58,31.14868,68.67114,421.118,1381.621,135.6109,444.9177,,,,,,,
10-7-2021-17:14:59,33.41232,73.66162,423.4455,1389.257,224.3685,736.1171,,,,,,,
10-7-2021-17:15:00,31.77746,70.05737,425.7635,1396.862,140.3646,460.5138,,,,,,,
10-7-2021-17:15:01,32.90929,72.55261,428.0955,1404.513,135.8063,445.5586,,,,,,,
10-7-2021-17:15:02,37.05928,81.70178,430.4102,1412.107,137.2714,450.3656,,,,,,,
10-7-2021-17:15:03,34.16685,75.32507,432.7581,1419.81,138.8669,455.6,,,,,,,
10-7-2021-17:15:04,34.66989,76.43408,435.0766,1427.417,139.4204,457.416,,,,,,,
10-7-2021-17:15:05,33.66381,74.21606,437.4214,1435.11,138.5087,454.4249,,,,,,,
10-7-2021-17:15:06,33.28658,73.3844,439.7481,1442.743,141.5368,464.3594,,,,,,,
10-7-2021-17:15:07,33.16077,73.10706,442.1334,1450.569,137.4017,450.7929,,,,,,,
10-7-2021-17:15:08,34.41834,75.87952,444.4635,1458.214,136.4575,447.6951,,,,,,,
10-7-2021-17:15:09,33.66381,74.21606,446.8309,1465.981,135.9039,445.8791,,,,,,,
10-7-2021-17:15:10,33.41232,73.66162,449.1551,1473.606,136.9133,449.1906,,,,,,,
10-7-2021-17:15:11,35.80171,78.92932,451.4861,1481.254,136.0667,446.4132,,,,,,,
10-7-2021-17:15:12,32.78354,72.27539,453.8266,1488.932,136.8156,448.8701,,,,,,,
10-7-2021-17:15:13,33.78956,74.49329,456.1568,1496.577,135.8063,445.5586,,,,,,,
10-7-2021-17:15:14,34.92138,76.98853,458.4729,1504.176,136.8156,448.8701,,,,,,,
10-7-2021-17:15:15,32.78354,72.27539,460.8687,1512.036,196.9858,646.279,,,,,,,
10-7-2021-17:15:17,33.78956,74.49329,463.29,1519.98,137.0435,449.6179,,,,,,,
10-7-2021-17:15:18,34.41834,75.87952,465.6088,1527.588,136.1319,446.6268,,,,,,,
10-7-2021-17:15:19,34.41834,75.87952,467.9583,1535.296,140.6251,461.3684,,,,,,,
10-7-2021-17:15:20,35.17292,77.54309,470.3094,1543.01,135.8388,445.6654,,,,,,,
10-7-2021-17:15:21,32.40625,71.4436,472.6328,1550.632,137.2389,450.2588,,,,,,,
10-7-2021-17:15:22,33.41232,73.66162,474.9681,1558.294,136.1319,446.6268,,,,,,,
10-7-2021-17:15:23,37.18502,81.979,477.288,1565.905,137.4668,451.0066,,,,,,,
10-7-2021-17:15:24,32.15475,70.88916,479.6212,1573.56,135.8714,445.7722,,,,,,,
10-7-2021-17:15:25,37.8138,83.36523,481.966,1581.253,137.3366,450.5793,,,,,,,
10-7-2021-17:15:26,36.30474,80.03833,484.319,1588.973,136.3598,447.3746,,,,,,,
10-7-2021-17:15:27,33.78956,74.49329,486.6519,1596.627,137.011,449.511,,,,,,,
10-7-2021-17:15:28,36.30474,80.03833,488.9753,1604.25,136.0993,446.52,,,,,,,
10-7-2021-17:15:29,30.89719,68.1167,491.3128,1611.919,137.0761,449.7247,,,,,,,
10-7-2021-17:15:30,38.69408,85.30591,493.6335,1619.532,136.8482,448.9769,,,,,,,
10-7-2021-17:15:31,30.89719,68.1167,495.9666,1627.187,136.7831,448.7633,,,,,,,
10-7-2021-17:15:32,37.68806,83.08801,498.3006,1634.844,139.4529,457.5228,,,,,,,
10-7-2021-17:15:33,32.78354,72.27539,500.6251,1642.471,140.7228,461.6889,,,,,,,
10-7-2021-17:15:34,35.67596,78.6521,502.9694,1650.162,139.4855,457.6296,,,,,,,
10-7-2021-17:15:35,34.29259,75.60229,505.292,1657.782,140.3646,460.5138,,,,,,,
10-7-2021-17:15:36,34.16685,75.32507,507.6319,1665.459,139.5181,457.7365,,,,,,,
10-7-2021-17:15:37,34.16685,75.32507,510.1249,1673.638,138.0854,453.0362,,,,,,,
10-7-2021-17:15:38,32.2805,71.16638,512.4529,1681.276,136.197,446.8405,,,,,,,
10-7-2021-17:15:39,37.68806,83.08801,514.7929,1688.953,137.4017,450.7929,,,,,,,
10-7-2021-17:15:40,32.40625,71.4436,517.1217,1696.594,136.6854,448.4428,,,,,,,
10-7-2021-17:15:41,32.90929,72.55261,519.4818,1704.336,137.3691,450.6861,,,,,,,
10-7-2021-17:15:42,35.80171,78.92932,521.8271,1712.031,136.6203,448.2292,,,,,,,
10-7-2021-17:15:43,34.79564,76.7113,524.2029,1719.826,137.597,451.4339,,,,,,,
10-7-2021-17:15:44,31.27443,68.94836,526.5432,1727.504,137.1412,449.9384,,,,,,,
10-7-2021-17:15:45,33.28658,73.3844,528.9042,1735.25,137.4017,450.7929,,,,,,,
10-7-2021-17:15:46,33.41232,73.66162,531.239,1742.91,137.4017,450.7929,,,,,,,
10-7-2021-17:15:47,35.17292,77.54309,533.6078,1750.682,137.5319,451.2202,,,,,,,
10-7-2021-17:15:48,34.29259,75.60229,535.9396,1758.332,137.9878,452.7157,,,,,,,
10-7-2021-17:15:49,31.40023,69.22571,538.2993,1766.074,137.4342,450.8997,,,,,,,
10-7-2021-17:15:50,39.57441,87.2467,540.6346,1773.736,140.6902,461.5821,,,,,,,
10-7-2021-17:15:51,34.41834,75.87952,542.9781,1781.424,138.7366,455.1727,,,,,,,
10-7-2021-17:15:52,25.61538,56.47229,545.3203,1789.109,138.5413,454.5317,,,,,,,
10-7-2021-17:15:53,37.18502,81.979,547.6157,1796.64,138.5413,454.5317,,,,,,,
10-7-2021-17:15:54,33.78956,74.49329,549.9318,1804.238,138.6715,454.959,,,,,,,
10-7-2021-17:15:55,35.67596,78.6521,552.2327,1811.787,138.9646,455.9204,,,,,,,
10-7-2021-17:15:56,32.78354,72.27539,554.5474,1819.381,135.7737,445.4518,,,,,,,
10-7-2021-17:15:57,36.80773,81.14722,556.8792,1827.031,137.5319,451.2202,,,,,,,
10-7-2021-17:15:59,32.78354,72.27539,559.1874,1834.604,134.7969,442.2471,,,,,,,
10-7-2021-17:16:00,33.41232,73.66162,561.5306,1842.292,136.3598,447.3746,,,,,,,
10-7-2021-17:16:01,34.0411,75.04785,563.8334,1849.847,135.3179,443.9563,,,,,,,
10-7-2021-17:16:02,33.78956,74.49329,566.153,1857.457,136.5877,448.1224,,,,,,,
10-7-2021-17:16:03,30.01686,66.1759,568.4132,1864.873,134.862,442.4608,,,,,,,
10-7-2021-17:16:04,36.80773,81.14722,570.0681,1870.302,94.65087,310.5344,,,,,,,
10-7-2021-17:16:05,43.47285,95.84131,571.5519,1875.17,85.95745,282.0126,,,,,,,
10-7-2021-17:16:06,39.57441,87.2467,572.9601,1879.791,82.70149,271.3304,,,,,,,
10-7-2021-17:16:07,38.69408,85.30591,574.3724,1884.424,83.28756,273.2531,,,,,,,
10-7-2021-17:16:08,36.43049,80.31555,575.7855,1889.06,83.28756,273.2531,,,,,,,
10-7-2021-17:16:09,36.68198,80.87,577.1959,1893.687,82.31078,270.0485,,,,,,,
10-7-2021-17:16:10,38.31684,84.47424,578.543,1898.107,78.37105,257.1229,,,,,,,
10-7-2021-17:16:11,42.59258,93.90063,579.8826,1902.502,77.85011,255.4137,,,,,,,
10-7-2021-17:16:12,38.81988,85.58325,581.2186,1906.885,77.88266,255.5205,,,,,,,
10-7-2021-17:16:13,40.20319,88.63293,582.55,1911.253,77.88266,255.5205,,,,,,,
10-7-2021-17:16:14,41.20927,90.85095,583.8717,1915.59,77.94778,255.7342,,,,,,,
10-7-2021-17:16:15,36.43049,80.31555,585.2045,1919.962,77.94778,255.7342,,,,,,,
10-7-2021-17:16:16,38.56833,85.02869,586.5283,1924.305,77.52451,254.3455,,,,,,,
10-7-2021-17:16:17,36.80773,81.14722,587.848,1928.635,77.42683,254.025,,,,,,,
10-7-2021-17:16:18,40.07745,88.35571,589.1835,1933.017,77.55707,254.4523,,,,,,,
10-7-2021-17:16:19,39.07137,86.1377,590.5055,1937.354,77.75243,255.0932,,,,,,,
10-7-2021-17:16:20,39.8259,87.80115,591.8282,1941.693,77.65475,254.7728,,,,,,,
10-7-2021-17:16:21,37.8138,83.36523,593.1604,1946.064,77.62218,254.666,,,,,,,
10-7-2021-17:16:22,38.56833,85.02869,594.4821,1950.401,87.19472,286.0719,,,,,,,
10-7-2021-17:16:23,40.70623,89.74194,595.8021,1954.731,77.55707,254.4523,,,,,,,
10-7-2021-17:16:24,37.43651,82.53345,597.1395,1959.119,79.02225,259.2593,,,,,,,
10-7-2021-17:16:25,36.93353,81.42456,598.4587,1963.447,81.82237,268.4461,,,,,,,
10-7-2021-17:16:26,37.18502,81.979,599.7787,1967.778,79.41296,260.5412,,,,,,,
10-7-2021-17:16:27,39.07137,86.1377,601.0974,1972.104,79.3804,260.4344,,,,,,,
10-7-2021-17:16:28,31.77746,70.05737,602.4174,1976.435,77.49194,254.2386,,,,,,,
10-7-2021-17:16:29,36.80773,81.14722,603.8053,1980.988,77.68731,254.8796,,,,,,,
10-7-2021-17:16:30,38.56833,85.02869,605.1271,1985.325,77.49194,254.2386,,,,,,,
10-7-2021-17:16:31,38.69408,85.30591,606.4608,1989.701,77.75243,255.0932,,,,,,,
10-7-2021-17:16:32,38.56833,85.02869,607.7819,1994.035,77.75243,255.0932,,,,,,,
10-7-2021-17:16:33,39.57441,87.2467,609.1011,1998.363,77.81754,255.3069,,,,,,,
10-7-2021-17:16:34,37.31076,82.25623,610.4197,2002.689,77.45939,254.1319,,,,,,,
10-7-2021-17:16:35,36.93353,81.42456,611.7506,2007.056,77.85011,255.4137,,,,,,,
10-7-2021-17:16:36,39.07137,86.1377,613.1426,2011.623,84.19923,276.2442,,,,,,,
10-7-2021-17:16:38,38.31684,84.47424,614.7703,2016.963,90.48324,296.861,,,,,,,
10-7-2021-17:16:39,31.40023,69.22571,616.465,2022.523,101.0326,331.4717,,,,,,,
10-7-2021-17:16:40,33.03503,72.82983,618.2517,2028.385,107.2189,351.768,,,,,,,
10-7-2021-17:16:41,34.29259,75.60229,620.2565,2034.962,120.373,394.9245,,,,,,,
10-7-2021-17:16:42,34.0411,75.04785,622.3729,2041.906,125.0941,410.4138,,,,,,,
10-7-2021-17:16:43,33.78956,74.49329,624.5359,2049.002,125.1593,410.6275,,,,,,,
10-7-2021-17:16:44,31.77746,70.05737,626.7696,2056.331,130.9549,429.642,,,,,,,
10-7-2021-17:16:45,32.90929,72.55261,629.1977,2064.297,136.9459,449.2974,,,,,,,
10-7-2021-17:16:46,31.77746,70.05737,631.5572,2072.038,136.3272,447.2678,,,,,,,
10-7-2021-17:16:47,33.41232,73.66162,633.9142,2079.771,138.0529,452.9294,,,,,,,
10-7-2021-17:16:48,32.78354,72.27539,636.2374,2087.393,136.2296,446.9473,,,,,,,
10-7-2021-17:16:50,33.91536,74.77063,638.588,2095.105,137.6947,451.7544,,,,,,,
10-7-2021-17:16:51,33.41232,73.66162,640.9241,2102.769,136.7505,448.6565,,,,,,,
10-7-2021-17:16:52,37.93955,83.64246,643.2743,2110.48,137.9226,452.5021,,,,,,,
10-7-2021-17:16:53,37.18502,81.979,645.6143,2118.157,136.2296,446.9473,,,,,,,
10-7-2021-17:16:54,32.78354,72.27539,647.9393,2125.785,137.825,452.1816,,,,,,,
10-7-2021-17:16:55,35.80171,78.92932,650.2749,2133.448,136.6854,448.4428,,,,,,,
10-7-2021-17:16:56,36.80773,81.14722,652.7752,2141.651,137.597,451.4339,,,,,,,
10-7-2021-17:16:57,31.02294,68.39392,655.0975,2149.27,136.9133,449.1906,,,,,,,
10-7-2021-17:16:58,32.53199,71.72083,657.4373,2156.946,138.0529,452.9294,,,,,,,
10-7-2021-17:16:59,33.03503,72.82983,659.772,2164.606,136.4575,447.6951,,,,,,,
10-7-2021-17:17:00,34.79564,76.7113,662.1019,2172.25,138.118,453.143,,,,,,,
10-7-2021-17:17:01,33.28658,73.3844,664.4506,2179.956,136.8156,448.8701,,,,,,,
10-7-2021-17:17:02,35.80171,78.92932,666.8046,2187.679,137.825,452.1816,,,,,,,
10-7-2021-17:17:03,37.18502,81.979,669.1476,2195.366,136.5551,448.0155,,,,,,,
10-7-2021-17:17:04,35.92746,79.20654,671.5092,2203.114,140.853,462.1162,,,,,,,
10-7-2021-17:17:05,32.78354,72.27539,673.8443,2210.775,139.0297,456.1341,,,,,,,
10-7-2021-17:17:06,34.92138,76.98853,676.2608,2218.703,137.0761,449.7247,,,,,,,
10-7-2021-17:17:07,35.67596,78.6521,678.5931,2226.355,140.5274,461.0479,,,,,,,
10-7-2021-17:17:08,35.80171,78.92932,680.9352,2234.04,138.0203,452.8226,,,,,,,
10-7-2021-17:17:09,36.17894,79.76099,683.279,2241.729,137.1412,449.9384,,,,,,,
10-7-2021-17:17:10,35.42442,78.09753,685.6132,2249.387,137.3366,450.5793,,,,,,,
10-7-2021-17:17:11,37.18502,81.979,687.9863,2257.173,137.6622,451.6475,,,,,,,
10-7-2021-17:17:13,33.28658,73.3844,690.666,2265.964,139.1273,456.4546,,,,,,,
10-7-2021-17:17:14,33.78956,74.49329,693.0111,2273.658,139.5832,457.9501,,,,,,,
10-7-2021-17:17:15,34.92138,76.98853,695.3494,2281.33,138.118,453.143,,,,,,,
10-7-2021-17:17:16,35.92746,79.20654,697.7393,2289.171,137.0761,449.7247,,,,,,,
10-7-2021-17:17:17,39.57441,87.2467,700.0979,2296.909,137.304,450.4725,,,,,,,
10-7-2021-17:17:18,35.29867,77.82031,702.4377,2304.585,137.4017,450.7929,,,,,,,
10-7-2021-17:17:19,32.53199,71.72083,704.7863,2312.291,137.825,452.1816,,,,,,,
10-7-2021-17:17:20,32.78354,72.27539,707.1202,2319.948,137.9226,452.5021,,,,,,,
10-7-2021-17:17:21,33.78956,74.49329,709.4716,2327.663,137.4668,451.0066,,,,,,,
10-7-2021-17:17:22,36.93353,81.42456,711.8062,2335.322,139.0948,456.3477,,,,,,,
10-7-2021-17:17:23,34.92138,76.98853,714.1461,2342.999,137.1086,449.8315,,,,,,,
10-7-2021-17:17:24,34.79564,76.7113,716.6331,2351.158,138.1506,453.2499,,,,,,,
10-7-2021-17:17:25,37.68806,83.08801,718.9885,2358.886,140.039,459.4456,,,,,,,
10-7-2021-17:17:26,32.78354,72.27539,721.3331,2366.578,140.3646,460.5138,,,,,,,
10-7-2021-17:17:27,33.91536,74.77063,723.7284,2374.437,140.6251,461.3684,,,,,,,
10-7-2021-17:17:28,34.41834,75.87952,726.0635,2382.098,140.3646,460.5138,,,,,,,
10-7-2021-17:17:29,39.19712,86.41492,728.4083,2389.791,138.5413,454.5317,,,,,,,
10-7-2021-17:17:30,33.41232,73.66162,731.0054,2398.312,137.3691,450.6861,,,,,,,
10-7-2021-17:17:31,34.54414,76.15686,733.3666,2406.058,140.3321,460.407,,,,,,,
10-7-2021-17:17:32,31.90321,70.33459,735.7076,2413.739,140.2344,460.0865,,,,,,,
10-7-2021-17:17:33,36.43049,80.31555,738.0598,2421.456,141.2437,463.398,,,,,,,
10-7-2021-17:17:34,36.30474,80.03833,740.4418,2429.271,137.4342,450.8997,,,,,,,
10-7-2021-17:17:35,32.90929,72.55261,742.7826,2436.951,141.1786,463.1844,,,,,,,
10-7-2021-17:17:36,29.13659,64.23523,745.155,2444.734,139.7785,458.591,,,,,,,
10-7-2021-17:17:37,35.80171,78.92932,747.4899,2452.395,138.118,453.143,,,,,,,
10-7-2021-17:17:38,36.68198,80.87,749.9956,2460.615,136.8482,448.9769,,,,,,,
10-7-2021-17:17:39,29.63962,65.34424,752.1815,2467.787,140.7553,461.7957,,,,,,,
10-7-2021-17:17:40,46.61677,102.7725,753.8412,2473.232,100.6744,330.2966,,,,,,,
10-7-2021-17:17:41,39.70015,87.52393,755.3278,2478.11,85.69698,281.1581,,,,,,,
10-7-2021-17:17:43,32.40625,71.4436,756.8014,2482.944,85.40394,280.1967,,,,,,,
10-7-2021-17:17:44,36.68198,80.87,758.2378,2487.657,84.49226,277.2056,,,,,,,
10-7-2021-17:17:45,36.68198,80.87,759.6813,2492.393,82.79917,271.6508,,,,,,,
10-7-2021-17:17:46,36.68198,80.87,761.0656,2496.934,81.17119,266.3097,,,,,,,
10-7-2021-17:17:47,41.20927,90.85095,762.5685,2501.865,81.30142,266.7369,,,,,,,
10-7-2021-17:17:48,35.04718,77.26587,763.9466,2506.386,81.49679,267.3779,,,,,,,
10-7-2021-17:17:49,34.54414,76.15686,765.3273,2510.917,81.17119,266.3097,,,,,,,
10-7-2021-17:17:50,34.79564,76.7113,766.7055,2515.438,81.17119,266.3097,,,,,,,
10-7-2021-17:17:51,42.08954,92.79163,768.064,2519.895,78.50129,257.5502,,,,,,,
10-7-2021-17:17:52,37.43651,82.53345,769.361,2524.15,75.60349,248.0429,,,,,,,
10-7-2021-17:17:53,39.8259,87.80115,770.4461,2527.71,62.28659,204.3523,,,,,,,
10-7-2021-17:17:54,40.70623,89.74194,771.0405,2529.66,28.35945,93.04281,,,,,,,
10-7-2021-17:17:55,62.46214,137.7056,771.0408,2529.661,0.0,0.0,,,,,,,
10-7-2021-17:17:56,58.31215,128.5564,771.034,2529.639,-6.51193e-2,-2.13646e-1,,,,,,,
10-7-2021-17:17:57,70.00754,154.3403,770.7944,2528.853,-14.29368,-46.89529,,,,,,,
10-7-2021-17:17:58,62.08485,136.8738,770.5779,2528.143,-12.5029,-41.02002,,,,,,,
10-7-2021-17:17:59,66.61214,146.8547,770.3581,2527.422,-12.8285,-42.08825,,,,,,,
10-7-2021-17:18:00,65.8576,145.1913,770.1201,2526.641,-14.00065,-45.93388,,,,,,,
10-7-2021-17:18:01,70.76212,156.0039,769.8836,2525.865,-14.16344,-46.46799,,,,,,,
10-7-2021-17:18:02,71.76814,158.2218,769.6405,2525.067,-14.29368,-46.89529,,,,,,,
10-7-2021-17:18:03,69.25301,152.6769,769.3873,2524.237,-15.14023,-49.67268,,,,,,,
10-7-2021-17:18:04,68.24699,150.459,769.1539,2523.471,-13.34945,-43.79742,,,,,,,
10-7-2021-17:18:05,69.75605,153.7859,768.9125,2522.679,-14.39136,-47.21575,,,,,,,
10-7-2021-17:18:06,68.49848,151.0134,768.8062,2522.33,-3.711799,-12.17782,,,,,,,
10-7-2021-17:18:07,26.49571,58.41309,769.4131,2524.321,45.9091,150.6204,,,,,,,
10-7-2021-17:18:08,54.6652,120.5162,770.2146,2526.951,48.74178,159.914,,,,,,,
10-7-2021-17:18:09,45.61075,100.5546,770.9431,2529.341,44.28111,145.2792,,,,,,,
10-7-2021-17:18:10,37.68806,83.08801,771.4769,2531.092,31.45261,103.191,,,,,,,
10-7-2021-17:18:11,35.67596,78.6521,771.9318,2532.585,26.43843,86.74025,,,,,,,
10-7-2021-17:18:12,40.70623,89.74194,772.3625,2533.998,24.71277,81.07864,,,,,,,
10-7-2021-17:18:13,41.96379,92.5144,772.8088,2535.462,26.73146,87.70165,,,,,,,
10-7-2021-17:18:14,42.59258,93.90063,773.2668,2536.965,27.41522,89.94494,,,,,,,
10-7-2021-17:18:15,39.70015,87.52393,773.731,2538.488,25.78724,84.60379,,,,,,,
10-7-2021-17:18:16,36.17894,79.76099,774.2875,2540.313,31.2247,102.4432,,,,,,,
10-7-2021-17:18:17,37.93955,83.64246,774.8435,2542.137,32.95036,108.1048,,,,,,,
10-7-2021-17:18:19,39.57441,87.2467,775.436,2544.082,34.80626,114.1938,,,,,,,
10-7-2021-17:18:20,41.46076,91.4054,776.0026,2545.94,33.0806,108.5321,,,,,,,
10-7-2021-17:18:21,40.20319,88.63293,776.6978,2548.221,32.85268,107.7844,,,,,,,
10-7-2021-17:18:22,40.32894,88.91016,777.2697,2550.097,33.66667,110.4549,,,,,,,
10-7-2021-17:18:23,42.08954,92.79163,777.8474,2551.993,35.00161,114.8347,,,,,,,
10-7-2021-17:18:24,40.07745,88.35571,778.4163,2553.859,34.15506,112.0573,,,,,,,
10-7-2021-17:18:25,39.70015,87.52393,778.98,2555.708,33.47131,109.814,,,,,,,
10-7-2021-17:18:26,33.28658,73.3844,779.503,2557.425,30.80142,101.0545,,,,,,,
10-7-2021-17:18:27,9.895802,21.81653,779.9429,2558.868,24.19181,79.36947,,,,,,,
10-7-2021-17:18:28,14.29728,31.52014,780.0558,2559.238,3.190845,10.46865,,,,,,,
10-7-2021-17:18:29,11.15337,24.58899,780.418,2560.427,24.54997,80.54452,,,,,,,
10-7-2021-17:18:30,10.90182,24.03442,780.9091,2562.038,27.74081,91.01317,,,,,,,
10-7-2021-17:18:31,3.23068,7.122437,781.4186,2563.709,32.33173,106.0752,,,,,,,
10-7-2021-17:18:32,5.36852,11.83557,781.4398,2563.779,0.0,0.0,,,,,,,
10-7-2021-17:18:33,5.997303,13.2218,781.4398,2563.779,0.0,0.0,,,,,,,
10-7-2021-17:18:34,7.003378,15.43982,781.4154,2563.699,0.0,0.0,,,,,,,
10-7-2021-17:18:35,10.90182,24.03442,781.2135,2563.036,-12.34011,-40.48591,,,,,,,
10-7-2021-17:18:36,12.91392,28.47034,781.0325,2562.443,-10.67956,-35.03793,,,,,,,
10-7-2021-17:18:37,13.03972,28.74768,780.8679,2561.902,-16.86589,-55.3343,,,,,,,
10-7-2021-17:18:38,15.55485,34.2926,780.6945,2561.333,-9.735332,-31.94007,,,,,,,
10-7-2021-17:18:39,16.93816,37.34229,780.5148,2560.744,-10.58188,-34.71746,,,,,,,
10-7-2021-17:18:40,19.2018,42.33276,780.335,2560.154,-10.51676,-34.50382,,,,,,,
10-7-2021-17:18:41,19.70484,43.44177,780.1146,2559.431,-11.88427,-38.99039,,,,,,,
10-7-2021-17:18:42,22.21997,48.98669,779.859,2558.593,-15.04255,-49.35221,,,,,,,
10-7-2021-17:18:43,24.10632,53.14539,779.6205,2557.81,-13.47969,-44.22471,,,,,,,
10-7-2021-17:18:44,26.24416,57.85852,779.381,2557.024,-14.5216,-47.64304,,,,,,,
10-7-2021-17:18:45,35.29867,77.82031,779.1335,2556.212,-14.97744,-49.13857,,,,,,,
10-7-2021-17:18:46,65.60606,144.6367,778.8969,2555.436,-13.93553,-45.72023,,,,,,,
10-7-2021-17:18:47,58.5637,129.111,778.6429,2554.603,-15.33559,-50.31362,,,,,,,
10-7-2021-17:18:48,52.77885,116.3575,778.5233,2554.21,-2.116377,-6.943493,,,,,,,
10-7-2021-17:18:50,60.1985,132.7151,778.5236,2554.211,3.25596e-2,1.06823e-1,,,,,,,
10-7-2021-17:18:51,59.94701,132.1606,778.5273,2554.224,3.25596e-1,1.06823,,,,,,,
10-7-2021-17:18:52,56.92884,125.5067,778.529,2554.229,0.0,0.0,,,,,,,
10-7-2021-17:18:53,57.68337,127.1702,778.446,2553.957,-6.153772,-20.18954,,,,,,,
10-7-2021-17:18:54,96.54228,212.8395,778.2001,2553.15,-14.29368,-46.89529,,,,,,,
10-7-2021-17:18:55,142.3178,313.7572,777.7782,2551.766,-25.68956,-84.28333,,,,,,,
10-7-2021-17:18:56,188.0932,414.6749,777.7017,2551.515,-2.344294,-7.691254,,,,,,,
10-7-2021-17:18:57,180.1706,397.2085,777.7852,2551.789,3.321083,10.89594,,,,,,,
10-7-2021-17:18:58,147.5996,325.4016,778.072,2552.73,16.2147,53.19784,,,,,,,
10-7-2021-17:18:59,102.4528,225.87,778.4191,2553.868,20.61025,67.61894,,,,,,,
10-7-2021-17:19:00,61.20458,134.9331,778.7349,2554.905,18.46132,60.56862,,,,,,,
10-7-2021-17:19:01,33.78956,74.49329,778.9818,2555.715,16.3775,53.73195,,,,,,,
10-7-2021-17:19:02,30.5199,67.28491,779.2303,2556.53,14.29368,46.89529,,,,,,,
10-7-2021-17:19:03,24.60936,54.25439,779.49,2557.382,15.72631,51.59549,,,,,,,
10-7-2021-17:19:04,15.93209,35.12427,779.5004,2557.416,6.83752e-1,2.243282,,,,,,,
10-7-2021-17:19:05,31.02294,68.39392,779.324,2556.837,-9.572535,-31.40595,,,,,,,
10-7-2021-17:19:06,43.7244,96.39587,779.1083,2556.129,-10.9726,-35.99934,,,,,,,
10-7-2021-17:19:07,88.87109,195.9274,778.0862,2552.776,-52.12799,-171.0236,,,,,,,
10-7-2021-17:19:08,142.3178,313.7572,777.9196,2552.229,-16.5403,-54.26607,,,,,,,
10-7-2021-17:19:09,126.7239,279.3787,778.1589,2553.015,20.15442,66.12342,,,,,,,
10-7-2021-17:19:10,80.06812,176.5201,778.5947,2554.444,28.22921,92.61551,,,,,,,
10-7-2021-17:19:11,35.04718,77.26587,778.9571,2555.634,21.03353,69.00764,,,,,,,
10-7-2021-17:19:12,42.08954,92.79163,779.0904,2556.071,5.404901,17.73261,,,,,,,
10-7-2021-17:19:13,32.02901,70.61194,779.2714,2556.665,11.23308,36.85392,,,,,,,
10-7-2021-17:19:14,22.09417,48.70935,779.4716,2557.322,11.98195,39.31085,,,,,,,
10-7-2021-17:19:15,18.44728,40.66931,779.4944,2557.396,0.0,0.0,,,,,,,
10-7-2021-17:19:16,16.81242,37.06506,779.4944,2557.396,0.0,0.0,,,,,,,
10-7-2021-17:19:18,16.68667,36.78784,779.4893,2557.379,-3.25596e-2,-1.06823e-1,,,,,,,
10-7-2021-17:19:19,26.24416,57.85852,779.3568,2556.945,-7.29336,-23.92834,,,,,,,
10-7-2021-17:19:20,32.2805,71.16638,779.2084,2556.458,-9.14926,-30.01726,,,,,,,
10-7-2021-17:19:21,109.621,241.6731,777.8962,2552.153,-103.6373,-340.0175,,,,,,,
10-7-2021-17:19:22,144.3298,318.1931,777.9191,2552.228,-3.25596e-2,-1.06823e-1,,,,,,,
10-7-2021-17:19:23,120.436,265.5162,778.1762,2553.072,18.91715,62.06414,,,,,,,
10-7-2021-17:19:24,78.18178,172.3615,778.5095,2554.165,20.18698,66.23024,,,,,,,
10-7-2021-17:19:25,38.31684,84.47424,778.8155,2555.169,17.77756,58.32534,,,,,,,
10-7-2021-17:19:26,34.54414,76.15686,779.1262,2556.188,18.72179,61.42321,,,,,,,
10-7-2021-17:19:27,35.42442,78.09753,779.4084,2557.114,16.3775,53.73195,,,,,,,
10-7-2021-17:19:28,18.69876,41.22375,779.4738,2557.329,4.23275e-1,1.388699,,,,,,,
10-7-2021-17:19:29,19.2018,42.33276,779.3566,2556.944,-8.074791,-26.4921,,,,,,,
10-7-2021-17:19:30,36.43049,80.31555,779.1566,2556.288,-9.637654,-31.6196,,,,,,,
10-7-2021-17:19:31,86.23021,190.1052,777.9451,2552.313,-117.4426,-385.3104,,,,,,,
10-7-2021-17:19:32,141.4375,311.8165,777.9624,2552.37,0.0,0.0,,,,,,,
10-7-2021-17:19:33,121.0648,266.9025,778.3364,2553.597,22.75919,74.66926,,,,,,,
10-7-2021-17:19:34,72.77422,160.4398,778.7249,2554.872,22.95455,75.3102,,,,,,,
10-7-2021-17:19:35,35.67596,78.6521,778.8597,2555.314,6.739846,22.11235,,,,,,,
10-7-2021-17:19:36,34.54414,76.15686,779.0711,2556.008,11.88427,38.99039,,,,,,,
10-7-2021-17:19:37,32.90929,72.55261,779.2572,2556.618,11.03772,36.21299,,,,,,,
10-7-2021-17:19:38,21.59119,47.60046,779.4434,2557.229,10.8098,35.46523,,,,,,,
10-7-2021-17:19:39,16.05789,35.40161,779.4431,2557.228,6.18633e-1,2.029636,,,,,,,
10-7-2021-17:19:40,31.27443,68.94836,779.2626,2556.636,-10.19117,-33.43559,,,,,,,
10-7-2021-17:19:41,50.38947,111.0898,778.2736,2553.391,-16.67054,-54.69336,,,,,,,
10-7-2021-17:19:42,29.13659,64.23523,777.7888,2551.801,-38.09478,-124.9829,,,,,,,
10-7-2021-17:19:43,86.73325,191.2142,777.3663,2550.414,-22.20568,-72.85326,,,,,,,
10-7-2021-17:19:44,58.31215,128.5564,776.9018,2548.89,-26.60123,-87.27437,,,,,,,
10-7-2021-17:19:45,80.9484,178.4608,776.4897,2547.538,-25.29884,-83.00144,,,,,,,
10-7-2021-17:19:46,83.0863,183.1741,776.1263,2546.346,-21.55448,-70.7168,,,,,,,
10-7-2021-17:19:47,71.6424,157.9446,775.7479,2545.104,-22.98711,-75.41702,,,,,,,
10-7-2021-17:19:48,74.78632,164.8757,775.3772,2543.888,-22.14056,-72.63962,,,,,,,
10-7-2021-17:19:49,77.04996,169.8662,775.0294,2542.747,-20.87073,-68.47352,,,,,,,
10-7-2021-17:19:50,72.27118,159.3308,774.6989,2541.663,-19.53578,-64.09378,,,,,,,
10-7-2021-17:19:51,79.43934,175.1339,774.3839,2540.629,-19.01483,-62.38461,,,,,,,
10-7-2021-17:19:52,79.43934,175.1339,774.0615,2539.572,-19.14507,-62.8119,,,,,,,
10-7-2021-17:19:53,77.55299,170.9752,773.7478,2538.543,-19.07995,-62.59826,,,,,,,
10-7-2021-17:19:55,77.1757,170.1434,773.1724,2536.655,-27.31754,-89.62447,,,,,,,
10-7-2021-17:19:56,71.26511,157.1128,772.3348,2533.907,-48.8069,-160.1276,,,,,,,
10-7-2021-17:19:57,91.26048,201.1951,771.1705,2530.087,-70.13346,-230.0967,,,,,,,
10-7-2021-17:19:58,77.1757,170.1434,769.9215,2525.989,-69.31947,-227.4261,,,,,,,
10-7-2021-17:19:59,76.04388,167.6482,768.442,2521.135,-86.2505,-282.9741,,,,,,,
10-7-2021-17:20:00,87.73927,193.4321,766.8278,2515.839,-95.56255,-313.5254,,,,,,,
10-7-2021-17:20:01,67.8697,149.6272,765.5208,2511.551,-61.08189,-200.3999,,,,,,,
10-7-2021-17:20:02,85.34988,188.1644,764.5362,2508.321,-57.40265,-188.3289,,,,,,,
10-7-2021-17:20:03,75.03786,165.4303,763.6923,2505.552,-47.53708,-155.9615,,,,,,,
10-7-2021-17:20:04,79.43934,175.1339,762.8646,2502.836,-49.88137,-163.6528,,,,,,,
10-7-2021-17:20:05,79.69083,175.6884,762.0484,2500.159,-49.16506,-161.3027,,,,,,,
10-7-2021-17:20:06,90.63169,199.8088,761.1994,2497.373,-48.18827,-158.098,,,,,,,
10-7-2021-17:20:07,83.84082,184.8375,760.3499,2494.586,-48.57898,-159.3799,,,,,,,
10-7-2021-17:20:08,76.79841,169.3116,759.4922,2491.772,-49.45809,-162.2641,,,,,,,
10-7-2021-17:20:09,72.77422,160.4398,758.6611,2489.045,-50.10929,-164.4005,,,,,,,
10-7-2021-17:20:10,83.58928,184.283,757.811,2486.257,-48.83946,-160.2345,,,,,,,
10-7-2021-17:20:11,77.55299,170.9752,756.9772,2483.521,-47.60219,-156.1752,,,,,,,
10-7-2021-17:20:12,76.29543,168.2028,756.1467,2480.796,-50.72792,-166.4302,,,,,,,
10-7-2021-17:20:13,73.6545,162.3805,755.3055,2478.037,-49.09994,-161.089,,,,,,,
10-7-2021-17:20:14,95.03317,209.5125,753.7571,2472.956,-89.01806,-292.054,,,,,,,
10-7-2021-17:20:15,88.74534,195.6501,751.9164,2466.917,-109.5632,-359.4593,,,,,,,
10-7-2021-17:20:16,48.88041,107.7629,751.2955,2464.88,-37.80174,-124.0215,,,,,,,
10-7-2021-17:20:17,63.09093,139.0918,750.98,2463.845,-12.30754,-40.37908,,,,,,,
10-7-2021-17:20:18,106.8543,235.5736,749.6345,2459.431,-78.92457,-258.9389,,,,,,,
10-7-2021-17:20:19,95.15892,209.7897,748.0087,2454.097,-98.49292,-323.1395,,,,,,,
10-7-2021-17:20:20,71.26511,157.1128,746.5489,2449.307,-88.23663,-289.4903,,,,,,,
10-7-2021-17:20:21,80.57116,177.6292,745.1491,2444.715,-82.40845,-270.3689,,,,,,,
10-7-2021-17:20:22,77.1757,170.1434,743.72,2440.026,-85.40394,-280.1967,,,,,,,
10-7-2021-17:20:23,81.07414,178.738,742.2402,2435.171,-85.4365,-280.3035,,,,,,,
10-7-2021-17:20:24,86.98474,191.7687,740.7072,2430.142,-90.48324,-296.861,,,,,,,
10-7-2021-17:20:26,85.72717,188.9962,739.1676,2425.091,-91.03676,-298.677,,,,,,,
10-7-2021-17:20:27,82.96049,182.8967,737.5367,2419.74,-94.81367,-311.0685,,,,,,,
10-7-2021-17:20:28,83.0863,183.1741,735.9464,2414.522,-92.46938,-303.3772,,,,,,,
10-7-2021-17:20:29,82.45751,181.7878,734.3816,2409.388,-91.29723,-299.5316,,,,,,,
10-7-2021-17:20:30,84.8469,187.0555,732.8209,2404.268,-91.36235,-299.7452,,,,,,,
10-7-2021-17:20:31,81.82873,180.4016,731.2727,2399.189,-90.84139,-298.0361,,,,,,,
10-7-2021-17:20:32,83.33778,183.7285,729.7061,2394.049,-94.03224,-308.5047,,,,,,,
10-7-2021-17:20:33,83.84082,184.8375,728.1367,2388.9,-92.6973,-304.125,,,,,,,
10-7-2021-17:20:34,83.0863,183.1741,726.5055,2383.548,-112.4936,-369.0734,,,,,,,
10-7-2021-17:20:35,81.19994,179.0154,724.8197,2378.017,-105.8514,-347.2815,,,,,,,
10-7-2021-17:20:36,78.30752,172.6387,723.1301,2372.474,-100.1535,-328.5875,,,,,,,
10-7-2021-17:20:37,83.84082,184.8375,721.4373,2366.92,-100.6093,-330.083,,,,,,,
10-7-2021-17:20:38,86.98474,191.7687,719.7051,2361.237,-101.4233,-332.7536,,,,,,,
10-7-2021-17:20:39,83.96657,185.1147,717.9379,2355.439,-103.3117,-338.9493,,,,,,,
10-7-2021-17:20:40,85.47568,188.4418,716.1738,2349.651,-103.8001,-340.5516,,,,,,,
10-7-2021-17:20:41,87.23623,192.3231,714.4321,2343.937,-102.0419,-334.7832,,,,,,,
10-7-2021-17:20:42,82.58326,182.0651,712.6453,2338.075,-105.9491,-347.6019,,,,,,,
10-7-2021-17:20:43,81.45144,179.5698,710.8638,2332.23,-106.177,-348.3497,,,,,,,
10-7-2021-17:20:44,86.4817,190.6597,709.1137,2326.489,-105.6886,-346.7474,,,,,,,
10-7-2021-17:20:45,82.45751,181.7878,707.3571,2320.725,-106.1119,-348.136,,,,,,,
10-7-2021-17:20:46,82.83475,182.6195,705.5848,2314.911,-104.8095,-343.8632,,,,,,,
10-7-2021-17:20:47,85.97866,189.5507,703.8157,2309.107,-105.9816,-347.7088,,,,,,,
10-7-2021-17:20:48,83.46353,184.0057,702.0523,2303.321,-102.1396,-335.1037,,,,,,,
10-7-2021-17:20:49,82.08022,180.9561,700.2678,2297.467,-105.6886,-346.7474,,,,,,,
10-7-2021-17:20:50,85.47568,188.4418,698.511,2291.703,-106.3072,-348.777,,,,,,,
10-7-2021-17:20:51,84.09232,185.392,696.7217,2285.833,-147.6905,-484.549,,,,,,,
10-7-2021-17:20:52,82.45751,181.7878,694.8835,2279.802,-104.7769,-343.7563,,,,,,,
10-7-2021-17:20:53,86.35596,190.3824,693.0876,2273.909,-106.0793,-348.0292,,,,,,,
10-7-2021-17:20:54,86.23021,190.1052,691.3031,2268.055,-104.842,-343.97,,,,,,,
10-7-2021-17:20:55,83.46353,184.0057,689.5318,2262.243,-103.0838,-338.2015,,,,,,,
10-7-2021-17:20:56,80.69691,177.9064,687.7511,2256.401,-103.1164,-338.3083,,,,,,,
10-7-2021-17:20:57,83.33778,183.7285,685.9242,2250.407,-105.8188,-347.1747,,,,,,,
10-7-2021-17:20:58,83.0863,183.1741,684.1503,2244.587,-105.2328,-345.2518,,,,,,,
10-7-2021-17:20:59,81.82873,180.4016,682.3651,2238.731,-103.4745,-339.4834,,,,,,,
10-7-2021-17:21:00,81.82873,180.4016,680.5681,2232.835,-106.177,-348.3497,,,,,,,
10-7-2021-17:21:01,82.58326,182.0651,678.7803,2226.969,-104.6793,-343.4359,,,,,,,
10-7-2021-17:21:02,80.19387,176.7974,676.9567,2220.987,-103.8001,-340.5516,,,,,,,
10-7-2021-17:21:03,81.07414,178.738,675.1757,2215.143,-106.7631,-350.2725,,,,,,,
10-7-2021-17:21:04,82.58326,182.0651,673.3285,2209.083,-105.5584,-346.3201,,,,,,,
10-7-2021-17:21:06,83.46353,184.0057,671.5084,2203.112,-104.9723,-344.3972,,,,,,,
10-7-2021-17:21:07,82.58326,182.0651,669.6926,2197.154,-140.7553,-461.7957,,,,,,,
10-7-2021-17:21:08,78.30752,172.6387,667.8905,2191.242,-106.6328,-349.8452,,,,,,,
10-7-2021-17:21:09,85.22414,187.8872,666.0997,2185.366,-107.4468,-352.5158,,,,,,,
10-7-2021-17:21:10,83.0863,183.1741,664.3063,2179.482,-107.9026,-354.0113,,,,,,,
10-7-2021-17:21:11,80.44536,177.3518,662.3599,2173.097,-108.3585,-355.5068,,,,,,,
10-7-2021-17:21:12,80.19387,176.7974,660.5328,2167.103,-105.3304,-345.5723,,,,,,,
10-7-2021-17:21:13,81.57718,179.847,658.7314,2161.192,-105.1025,-344.8245,,,,,,,
10-7-2021-17:21:14,82.45751,181.7878,656.9482,2155.342,-106.6979,-350.0589,,,,,,,
10-7-2021-17:21:15,77.30145,170.4207,655.1486,2149.438,-105.5584,-346.3201,,,,,,,
10-7-2021-17:21:16,84.34386,185.9465,653.3374,2143.495,-104.4188,-342.5813,,,,,,,
10-7-2021-17:21:17,79.94238,176.2429,651.5296,2137.564,-109.6609,-359.7798,,,,,,,
10-7-2021-17:21:18,81.45144,179.5698,649.7247,2131.643,-108.5213,-356.041,,,,,,,
10-7-2021-17:21:19,78.30752,172.6387,647.8718,2125.563,-105.2328,-345.2518,,,,,,,
10-7-2021-17:21:20,84.4696,186.2238,646.0638,2119.632,-108.5864,-356.2546,,,,,,,
10-7-2021-17:21:21,82.83475,182.6195,644.2397,2113.647,-107.0887,-351.3407,,,,,,,
10-7-2021-17:21:22,82.96049,182.8967,642.4307,2107.712,-107.3817,-352.3022,,,,,,,
10-7-2021-17:21:23,82.96049,182.8967,640.6151,2101.755,-105.8188,-347.1747,,,,,,,
10-7-2021-17:21:24,83.46353,184.0057,638.8022,2095.808,-105.9165,-347.4951,,,,,,,
10-7-2021-17:21:25,83.58928,184.283,636.9808,2089.832,-111.6145,-366.1891,,,,,,,
10-7-2021-17:21:26,80.44536,177.3518,635.1371,2083.783,-111.1261,-364.5868,,,,,,,
10-7-2021-17:21:27,78.05598,172.0841,633.3127,2077.798,-107.9678,-354.225,,,,,,,
10-7-2021-17:21:28,84.8469,187.0555,631.4877,2071.81,-106.0142,-347.8156,,,,,,,
10-7-2021-17:21:29,81.07414,178.738,629.647,2065.771,-108.7166,-356.6819,,,,,,,
10-7-2021-17:21:30,81.82873,180.4016,627.8239,2059.79,-107.8375,-353.7977,,,,,,,
10-7-2021-17:21:31,83.46353,184.0057,625.9692,2053.705,-108.0655,-354.5454,,,,,,,
10-7-2021-17:21:32,80.44536,177.3518,624.1379,2047.697,-106.9584,-350.9135,,,,,,,
10-7-2021-17:21:33,78.30752,172.6387,622.2817,2041.607,-106.5677,-349.6316,,,,,,,
10-7-2021-17:21:34,85.72717,188.9962,620.491,2035.732,-107.1863,-351.6612,,,,,,,
10-7-2021-17:21:35,75.66664,166.8165,618.8046,2030.199,-99.40459,-326.1305,,,,,,,
10-7-2021-17:21:36,79.56509,175.4111,617.2328,2025.042,-92.07867,-302.0954,,,,,,,
10-7-2021-17:21:37,77.30145,170.4207,615.6985,2020.008,-87.42264,-286.8197,,,,,,,
10-7-2021-17:21:38,79.56509,175.4111,614.2137,2015.137,-88.04127,-288.8493,,,,,,,
10-7-2021-17:21:39,79.1878,174.5793,612.7014,2010.175,-88.75758,-291.1994,,,,,,,
10-7-2021-17:21:40,80.19387,176.7974,611.2055,2005.267,-88.4971,-290.3448,,,,,,,
10-7-2021-17:21:41,76.79841,169.3116,609.698,2000.322,-88.39942,-290.0244,,,,,,,
10-7-2021-17:21:42,79.06205,174.3021,608.1945,1995.389,-87.94359,-288.5288,,,,,,,
10-7-2021-17:21:43,74.03178,163.2123,606.7074,1990.51,-85.24114,-279.6625,,,,,,,
10-7-2021-17:21:44,77.55299,170.9752,605.2943,1985.874,-82.60381,-271.0099,,,,,,,
10-7-2021-17:21:46,77.1757,170.1434,603.9138,1981.344,-81.30142,-266.7369,,,,,,,
10-7-2021-17:21:47,75.66664,166.8165,602.5449,1976.853,-81.04094,-265.8824,,,,,,,
10-7-2021-17:21:48,75.79239,167.0938,601.1711,1972.346,-81.00838,-265.7755,,,,,,,
10-7-2021-17:21:49,79.94238,176.2429,599.7885,1967.81,-80.94327,-265.5619,,,,,,,
10-7-2021-17:21:50,75.28935,165.9847,598.4275,1963.345,-80.97583,-265.6687,,,,,,,
10-7-2021-17:21:51,77.67874,171.2524,597.0638,1958.871,-81.26888,-266.6302,,,,,,,
10-7-2021-17:21:52,78.30752,172.6387,595.68,1954.331,-81.75726,-268.2325,,,,,,,
10-7-2021-17:21:53,81.45144,179.5698,594.322,1949.875,-80.12928,-262.8913,,,,,,,
10-7-2021-17:21:54,70.00754,154.3403,592.9371,1945.332,-82.14797,-269.5143,,,,,,,
10-7-2021-17:21:55,66.86362,147.4092,591.5482,1940.775,-82.73405,-271.4372,,,,,,,
10-7-2021-17:21:56,69.50455,153.2314,590.1525,1936.196,-83.64571,-274.4282,,,,,,,
10-7-2021-17:21:57,71.39091,157.3901,588.6721,1931.339,-85.2737,-279.7693,,,,,,,
10-7-2021-17:21:58,72.27118,159.3308,587.2655,1926.724,-82.96197,-272.1849,,,,,,,
10-7-2021-17:21:59,74.66057,164.5985,585.8248,1921.997,-83.93876,-275.3896,,,,,,,
10-7-2021-17:22:00,74.78632,164.8757,584.394,1917.303,-83.71085,-274.6419,,,,,,,
10-7-2021-17:22:01,72.14544,159.0536,582.9711,1912.635,-85.04578,-279.0216,,,,,,,
10-7-2021-17:22:02,77.30145,170.4207,581.5344,1907.921,-85.99002,-282.1195,,,,,,,
10-7-2021-17:22:03,73.27726,161.5488,580.1102,1903.249,-85.37138,-280.0898,,,,,,,
10-7-2021-17:22:04,77.04996,169.8662,578.6988,1898.618,-85.01322,-278.9148,,,,,,,
10-7-2021-17:22:05,76.16962,167.9254,577.2792,1893.961,-84.9481,-278.7011,,,,,,,
10-7-2021-17:22:06,79.94238,176.2429,575.9138,1889.481,-80.09671,-262.7845,,,,,,,
10-7-2021-17:22:07,74.03178,163.2123,574.5282,1884.935,-82.27821,-269.9417,,,,,,,
10-7-2021-17:22:08,73.7803,162.6578,573.1321,1880.355,-82.37589,-270.2621,,,,,,,
10-7-2021-17:22:09,72.27118,159.3308,571.6426,1875.468,-85.50162,-280.5171,,,,,,,
10-7-2021-17:22:10,74.78632,164.8757,569.9408,1869.884,-97.97196,-321.4303,,,,,,,
10-7-2021-17:22:11,77.55299,170.9752,568.1346,1863.958,-106.5352,-349.5248,,,,,,,
10-7-2021-17:22:12,70.25909,154.8949,566.2968,1857.929,-107.4468,-352.5158,,,,,,,
10-7-2021-17:22:13,66.98937,147.6864,564.4501,1851.87,-106.5352,-349.5248,,,,,,,
10-7-2021-17:22:14,81.07414,178.738,562.6032,1845.811,-107.8375,-353.7977,,,,,,,
10-7-2021-17:22:15,68.49848,151.0134,560.7717,1839.802,-108.8143,-357.0023,,,,,,,
10-7-2021-17:22:16,81.57718,179.847,558.9391,1833.79,-109.1074,-357.9638,,,,,,,
10-7-2021-17:22:17,82.58326,182.0651,557.0211,1827.497,-108.0003,-354.3318,,,,,,,
10-7-2021-17:22:18,68.37273,150.7362,555.1834,1821.468,-108.7166,-356.6819,,,,,,,
10-7-2021-17:22:19,82.96049,182.8967,553.3207,1815.357,-108.4887,-355.9341,,,,,,,
10-7-2021-17:22:20,76.67266,169.0344,551.4852,1809.334,-107.4143,-352.409,,,,,,,
10-7-2021-17:22:21,73.7803,162.6578,549.6225,1803.223,-107.4143,-352.409,,,,,,,
10-7-2021-17:22:22,84.34386,185.9465,547.7728,1797.155,-110.019,-360.9548,,,,,,,
10-7-2021-17:22:23,69.75605,153.7859,545.9107,1791.046,-108.3259,-355.4,,,,,,,
10-7-2021-17:22:24,61.07883,134.6559,544.0681,1785.0,-107.3491,-352.1953,,,,,,,
10-7-2021-17:22:25,70.76212,156.0039,542.2328,1778.979,-107.6747,-353.2635,,,,,,,
10-7-2021-17:22:27,72.27118,159.3308,540.3799,1772.9,-109.0097,-357.6433,,,,,,,
10-7-2021-17:22:28,77.80448,171.5297,538.5427,1766.872,-109.5958,-359.5661,,,,,,,
10-7-2021-17:22:29,75.03786,165.4303,536.6752,1760.745,-111.1912,-364.8004,,,,,,,
10-7-2021-17:22:30,79.56509,175.4111,534.7493,1754.427,-110.2795,-361.8094,,,,,,,
10-7-2021-17:22:31,75.03786,165.4303,532.8882,1748.321,-111.94,-367.2574,,,,,,,
10-7-2021-17:22:32,70.00754,154.3403,531.0005,1742.128,-113.1448,-371.2098,,,,,,,
10-7-2021-17:22:33,78.05598,172.0841,529.1392,1736.021,-112.2331,-368.2188,,,,,,,
10-7-2021-17:22:34,74.03178,163.2123,527.2513,1729.827,-108.7166,-356.6819,,,,,,,
10-7-2021-17:22:35,72.39693,159.608,525.3753,1723.672,-110.9633,-364.0527,,,,,,,
10-7-2021-17:22:36,82.96049,182.8967,523.5107,1717.555,-109.9213,-360.6343,,,,,,,
10-7-2021-17:22:37,67.8697,149.6272,521.5287,1711.052,-110.9633,-364.0527,,,,,,,
10-7-2021-17:22:38,76.04388,167.6482,519.6326,1704.831,-110.833,-363.6254,,,,,,,
10-7-2021-17:22:39,72.39693,159.608,517.7602,1698.688,-111.0609,-364.3732,,,,,,,
10-7-2021-17:22:40,75.28935,165.9847,515.8918,1692.558,-110.2144,-361.5958,,,,,,,
10-7-2021-17:22:41,71.13936,156.8356,513.989,1686.315,-109.4981,-359.2456,,,,,,,
10-7-2021-17:22:42,74.53482,164.3213,512.113,1680.161,-109.6283,-359.6729,,,,,,,
10-7-2021-17:22:43,70.25909,154.8949,510.2196,1673.949,-109.5958,-359.5661,,,,,,,
10-7-2021-17:22:44,68.74998,151.5679,508.3366,1667.771,-112.5261,-369.1802,,,,,,,
10-7-2021-17:22:45,66.10909,145.7457,506.4242,1661.497,-111.8424,-366.9369,,,,,,,
10-7-2021-17:22:46,70.38483,155.1721,504.5472,1655.339,-112.0703,-367.6847,,,,,,,
10-7-2021-17:22:47,83.33778,183.7285,502.5114,1648.659,-110.9958,-364.1595,,,,,,,
10-7-2021-17:22:48,76.79841,169.3116,500.5958,1642.375,-114.8379,-376.7646,,,,,,,
10-7-2021-17:22:49,70.76212,156.0039,498.7054,1636.173,-113.6006,-372.7054,,,,,,,
10-7-2021-17:22:50,67.49241,148.7954,496.8235,1629.998,-111.0284,-364.2663,,,,,,,
10-7-2021-17:22:51,69.75605,153.7859,494.937,1623.809,-112.168,-368.0051,,,,,,,
10-7-2021-17:22:52,75.54084,166.5392,493.042,1617.592,-110.1493,-361.3821,,,,,,,
10-7-2021-17:22:53,74.53482,164.3213,491.1476,1611.376,-112.0052,-367.471,,,,,,,
10-7-2021-17:22:54,72.64848,160.1626,489.201,1604.99,-111.8749,-367.0437,,,,,,,
10-7-2021-17:22:55,73.7803,162.6578,487.2113,1598.462,-113.5029,-372.3849,,,,,,,
10-7-2021-17:22:56,70.25909,154.8949,485.2941,1592.172,-112.4936,-369.0734,,,,,,,
10-7-2021-17:22:57,75.03786,165.4303,483.3661,1585.847,-111.9075,-367.1505,,,,,,,
10-7-2021-17:22:59,67.11517,147.9637,481.4084,1579.424,-113.6657,-372.919,,,,,,,
10-7-2021-17:23:00,69.37875,152.9541,479.4955,1573.148,-113.3727,-371.9576,,,,,,,
10-7-2021-17:23:01,72.89996,160.717,477.5561,1566.785,-113.6657,-372.919,,,,,,,
10-7-2021-17:23:02,68.37273,150.7362,475.6551,1560.548,-112.4284,-368.8597,,,,,,,
10-7-2021-17:23:03,68.74998,151.5679,473.7477,1554.29,-111.5168,-365.8687,,,,,,,
10-7-2021-17:23:04,72.14544,159.0536,471.6324,1547.35,-113.275,-371.6371,,,,,,,
10-7-2021-17:23:05,71.76814,158.2218,469.7192,1541.074,-113.3075,-371.7439,,,,,,,
10-7-2021-17:23:06,75.54084,166.5392,467.8007,1534.779,-112.3959,-368.7529,,,,,,,
10-7-2021-17:23:07,67.11517,147.9637,465.8688,1528.441,-112.8843,-370.3553,,,,,,,
10-7-2021-17:23:08,71.26511,157.1128,463.9564,1522.167,-113.0796,-370.9962,,,,,,,
10-7-2021-17:23:09,75.28935,165.9847,462.033,1515.856,-111.7447,-366.6164,,,,,,,
10-7-2021-17:23:10,64.97727,143.2505,460.1022,1509.522,-111.8098,-366.8301,,,,,,,
10-7-2021-17:23:11,69.75605,153.7859,458.083,1502.897,-111.354,-365.3345,,,,,,,
10-7-2021-17:23:12,71.76814,158.2218,456.1695,1496.619,-112.6889,-369.7143,,,,,,,
10-7-2021-17:23:13,70.38483,155.1721,454.2276,1490.248,-112.6889,-369.7143,,,,,,,
10-7-2021-17:23:14,72.27118,159.3308,452.3147,1483.972,-114.3169,-375.0555,,,,,,,
10-7-2021-17:23:15,72.27118,159.3308,450.3897,1477.656,-113.4378,-372.1712,,,,,,,
10-7-2021-17:23:16,65.48032,144.3595,448.4781,1471.385,-114.1215,-374.4145,,,,,,,
10-7-2021-17:23:17,73.7803,162.6578,446.5324,1465.001,-113.0471,-370.8893,,,,,,,
10-7-2021-17:23:18,71.89389,158.499,444.6163,1458.715,-112.3959,-368.7529,,,,,,,
10-7-2021-17:23:19,71.13936,156.8356,442.6727,1452.338,-112.2005,-368.1119,,,,,,,
10-7-2021-17:23:20,66.86362,147.4092,440.736,1445.984,-116.1728,-381.1443,,,,,,,
10-7-2021-17:23:21,64.3485,141.8643,438.8117,1439.671,-113.6657,-372.919,,,,,,,
10-7-2021-17:23:22,69.25301,152.6769,436.894,1433.379,-114.5774,-375.91,,,,,,,
10-7-2021-17:23:23,70.38483,155.1721,434.9306,1426.938,-113.1448,-371.2098,,,,,,,
10-7-2021-17:23:24,67.8697,149.6272,433.0126,1420.645,-113.6657,-372.919,,,,,,,
10-7-2021-17:23:25,66.61214,146.8547,431.0896,1414.336,-112.9494,-370.5689,,,,,,,
10-7-2021-17:23:26,71.13936,156.8356,429.1515,1407.977,-113.9913,-373.9872,,,,,,,
10-7-2021-17:23:27,64.97727,143.2505,427.2311,1401.677,-112.1028,-367.7915,,,,,,,
10-7-2021-17:23:28,63.59396,140.2008,425.3068,1395.364,-111.2237,-364.9073,,,,,,,
10-7-2021-17:23:29,63.46822,139.9236,423.3676,1389.001,-113.6657,-372.919,,,,,,,
10-7-2021-17:23:30,66.98937,147.6864,421.4417,1382.683,-113.1448,-371.2098,,,,,,,
10-7-2021-17:23:31,71.39091,157.3901,419.4059,1376.004,-114.5123,-375.6964,,,,,,,
10-7-2021-17:23:32,67.36666,148.5182,417.4808,1369.688,-115.4239,-378.6874,,,,,,,
10-7-2021-17:23:34,66.48639,146.5775,415.5587,1363.382,-114.5448,-375.8032,,,,,,,
10-7-2021-17:23:35,67.61816,149.0726,413.6298,1357.053,-114.0239,-374.094,,,,,,,
10-7-2021-17:23:36,68.74998,151.5679,411.7099,1350.754,-114.4797,-375.5896,,,,,,,
10-7-2021-17:23:37,70.38483,155.1721,409.7769,1344.412,-114.2192,-374.735,,,,,,,
10-7-2021-17:23:38,63.84546,140.7552,407.5534,1337.117,-114.4471,-375.4827,,,,,,,
10-7-2021-17:23:39,68.87578,151.8452,405.6305,1330.809,-112.3633,-368.6461,,,,,,,
10-7-2021-17:23:40,66.98937,147.6864,403.7056,1324.494,-111.7447,-366.6164,,,,,,,
10-7-2021-17:23:41,62.83944,138.5374,401.7838,1318.188,-113.8936,-373.6667,,,,,,,
10-7-2021-17:23:42,64.3485,141.8643,399.8571,1311.867,-112.9168,-370.462,,,,,,,
10-7-2021-17:23:43,63.59396,140.2008,397.9315,1305.549,-114.8053,-376.6578,,,,,,,
10-7-2021-17:23:44,62.46214,137.7056,395.9852,1299.164,-114.1215,-374.4145,,,,,,,
10-7-2021-17:23:45,64.85153,142.9733,394.0571,1292.838,-114.6751,-376.2305,,,,,,,
10-7-2021-17:23:46,68.24699,150.459,392.1158,1286.469,-113.796,-373.3463,,,,,,,
10-7-2021-17:23:47,65.98335,145.4685,390.1863,1280.139,-113.9587,-373.8804,,,,,,,
10-7-2021-17:23:48,65.60606,144.6367,388.268,1273.845,-113.6006,-372.7054,,,,,,,
10-7-2021-17:23:49,65.10302,143.5277,386.2219,1267.132,-112.7866,-370.0348,,,,,,,
10-7-2021-17:23:50,65.35457,144.0823,384.258,1260.689,-112.6238,-369.5007,,,,,,,
10-7-2021-17:23:51,66.36059,146.3002,382.3104,1254.299,-112.3633,-368.6461,,,,,,,
10-7-2021-17:23:52,64.097,141.3098,380.3644,1247.915,-114.7076,-376.3373,,,,,,,
10-7-2021-17:23:53,64.3485,141.8643,378.1539,1240.662,-114.1215,-374.4145,,,,,,,
10-7-2021-17:23:54,65.10302,143.5277,376.2196,1234.316,-114.2843,-374.9486,,,,,,,
10-7-2021-17:23:55,65.35457,144.0823,374.2791,1227.95,-114.5448,-375.8032,,,,,,,
10-7-2021-17:23:56,65.8576,145.1913,372.3453,1221.605,-113.6331,-372.8122,,,,,,,
10-7-2021-17:23:57,73.27726,161.5488,370.4199,1215.288,-112.8517,-370.2484,,,,,,,
10-7-2021-17:23:58,63.97126,141.0326,368.4728,1208.9,-112.5587,-369.287,,,,,,,
10-7-2021-17:23:59,70.38483,155.1721,366.548,1202.585,-113.275,-371.6371,,,,,,,
10-7-2021-17:24:00,63.46822,139.9236,364.6192,1196.257,-115.196,-377.9397,,,,,,,
10-7-2021-17:24:01,70.88787,156.2811,362.6957,1189.946,-114.1541,-374.5213,,,,,,,
10-7-2021-17:24:03,63.09093,139.0918,360.7676,1183.621,-115.7495,-379.7556,,,,,,,
10-7-2021-17:24:04,65.60606,144.6367,358.6895,1176.803,-112.2331,-368.2188,,,,,,,
10-7-2021-17:24:05,64.60004,142.4188,356.7611,1170.476,-114.1215,-374.4145,,,,,,,
10-7-2021-17:24:06,68.37273,150.7362,354.8374,1164.165,-111.9075,-367.1505,,,,,,,
10-7-2021-17:24:07,64.72578,142.696,352.9096,1157.84,-114.3495,-375.1623,,,,,,,
10-7-2021-17:24:08,65.10302,143.5277,350.985,1151.526,-113.6983,-373.0258,,,,,,,
10-7-2021-17:24:09,64.22275,141.587,349.054,1145.19,-112.2982,-368.4324,,,,,,,
10-7-2021-17:24:10,64.72578,142.696,347.1306,1138.88,-113.0796,-370.9962,,,,,,,
10-7-2021-17:24:11,69.8818,154.0631,345.2028,1132.555,-145.9649,-478.8874,,,,,,,
10-7-2021-17:24:12,66.61214,146.8547,343.2722,1126.221,-121.8056,-399.6247,,,,,,,
10-7-2021-17:24:13,64.22275,141.587,341.3471,1119.905,-114.8379,-376.7646,,,,,,,
10-7-2021-17:24:14,67.61816,149.0726,339.377,1113.442,-114.1541,-374.5213,,,,,,,
10-7-2021-17:24:15,64.3485,141.8643,337.453,1107.129,-115.0983,-377.6192,,,,,,,
10-7-2021-17:24:16,68.62423,151.2906,335.4989,1100.718,-114.089,-374.3077,,,,,,,
10-7-2021-17:24:17,62.83944,138.5374,333.5746,1094.405,-114.8379,-376.7646,,,,,,,
10-7-2021-17:24:18,69.00152,152.1224,331.6172,1087.983,-115.717,-379.6488,,,,,,,
10-7-2021-17:24:19,62.08485,136.8738,329.693,1081.67,-114.5774,-375.91,,,,,,,
10-7-2021-17:24:20,62.21065,137.1511,327.7361,1075.25,-113.6331,-372.8122,,,,,,,
10-7-2021-17:24:21,62.58789,137.9828,325.814,1068.944,-115.3263,-378.367,,,,,,,
10-7-2021-17:24:22,62.83944,138.5374,323.8767,1062.588,-114.6099,-376.0169,,,,,,,
10-7-2021-17:24:23,64.72578,142.696,321.9508,1056.269,-114.2192,-374.735,,,,,,,
10-7-2021-17:24:24,68.37273,150.7362,320.0184,1049.929,-115.0006,-377.2987,,,,,,,
10-7-2021-17:24:25,64.097,141.3098,318.0903,1043.603,-114.0239,-374.094,,,,,,,
10-7-2021-17:24:26,65.22882,143.8051,316.156,1037.257,-114.2192,-374.735,,,,,,,
10-7-2021-17:24:27,69.00152,152.1224,314.2342,1030.952,-113.796,-373.3463,,,,,,,
10-7-2021-17:24:28,67.99545,149.9044,312.2814,1024.545,-156.5142,-513.498,,,,,,,
10-7-2021-17:24:29,64.097,141.3098,310.2421,1017.855,-113.9262,-373.7736,,,,,,,
10-7-2021-17:24:30,68.37273,150.7362,308.2912,1011.454,-114.9355,-377.0851,,,,,,,
10-7-2021-17:24:31,68.49848,151.0134,306.3651,1005.135,-113.7308,-373.1326,,,,,,,
10-7-2021-17:24:32,62.58789,137.9828,304.3958,998.6737,-113.796,-373.3463,,,,,,,
10-7-2021-17:24:33,68.49848,151.0134,302.4728,992.3649,-113.6006,-372.7054,,,,,,,
10-7-2021-17:24:34,61.83336,136.3193,300.5391,986.0205,-112.5587,-369.287,,,,,,,
10-7-2021-17:24:35,63.84546,140.7552,298.5955,979.6441,-112.5587,-369.287,,,,,,,
10-7-2021-17:24:36,63.09093,139.0918,296.6626,973.3024,-112.168,-368.0051,,,,,,,
10-7-2021-17:24:37,64.097,141.3098,294.7193,966.9268,-115.8472,-380.0761,,,,,,,
10-7-2021-17:24:38,60.1985,132.7151,292.7836,960.5762,-112.7866,-370.0348,,,,,,,
10-7-2021-17:24:39,69.37875,152.9541,290.861,954.2682,-115.0332,-377.4055,,,,,,,
10-7-2021-17:24:40,65.98335,145.4685,288.9218,947.9061,-114.2518,-374.8418,,,,,,,
10-7-2021-17:24:42,64.97727,143.2505,286.9815,941.5403,-115.8146,-379.9693,,,,,,,
10-7-2021-17:24:43,57.43188,126.6157,285.0423,935.1781,-113.9913,-373.9872,,,,,,,
10-7-2021-17:24:44,71.76814,158.2218,283.0979,928.799,-171.6544,-563.1707,,,,,,,
10-7-2021-17:24:45,58.31215,128.5564,281.1615,922.4457,-114.6425,-376.1237,,,,,,,
10-7-2021-17:24:46,67.49241,148.7954,279.2323,916.1165,-112.9494,-370.5689,,,,,,,
10-7-2021-17:24:47,60.3243,132.9924,277.2969,909.7667,-112.0377,-367.5779,,,,,,,
10-7-2021-17:24:48,65.60606,144.6367,275.3509,903.3823,-114.5774,-375.91,,,,,,,
10-7-2021-17:24:49,69.00152,152.1224,273.4164,897.0352,-116.1077,-380.9307,,,,,,,
10-7-2021-17:24:50,62.83944,138.5374,271.4677,890.6418,-117.4752,-385.4173,,,,,,,
10-7-2021-17:24:51,65.98335,145.4685,269.532,884.2912,-116.7589,-383.0672,,,,,,,
10-7-2021-17:24:52,69.12727,152.3997,267.5258,877.7092,-115.1309,-377.726,,,,,,,
10-7-2021-17:24:53,60.3243,132.9924,265.5917,871.3639,-114.2518,-374.8418,,,,,,,
10-7-2021-17:24:54,66.48639,146.5775,263.6609,865.0292,-114.5774,-375.91,,,,,,,
10-7-2021-17:24:55,65.10302,143.5277,261.725,858.6777,-114.089,-374.3077,,,,,,,
10-7-2021-17:24:56,65.10302,143.5277,259.7966,852.3511,-112.754,-369.9279,,,,,,,
10-7-2021-17:24:57,70.51057,155.4493,257.8623,846.005,-112.4284,-368.8597,,,,,,,
10-7-2021-17:24:58,63.21667,139.369,255.9299,839.665,-114.8379,-376.7646,,,,,,,
10-7-2021-17:24:59,59.31823,130.7744,253.9967,833.3224,-115.1309,-377.726,,,,,,,
10-7-2021-17:25:00,70.51057,155.4493,252.0651,826.9852,-111.6145,-366.1891,,,,,,,
10-7-2021-17:25:01,66.61214,146.8547,250.1234,820.6149,-115.2937,-378.2601,,,,,,,
10-7-2021-17:25:02,59.69552,131.6062,248.159,814.17,-115.8798,-380.183,,,,,,,
10-7-2021-17:25:03,66.23484,146.0229,246.2057,807.7615,-114.903,-376.9782,,,,,,,
10-7-2021-17:25:04,68.12119,150.1816,244.2513,801.3494,-118.1915,-387.7674,,,,,,,
10-7-2021-17:25:05,67.36666,148.5182,242.2945,794.9294,-117.6705,-386.0582,,,,,,,
10-7-2021-17:25:06,66.10909,145.7457,240.314,788.4318,-117.5403,-385.6309,,,,,,,
10-7-2021-17:25:07,60.07276,132.4379,238.3561,782.0082,-117.8333,-386.5923,,,,,,,
10-7-2021-17:25:08,66.23484,146.0229,236.3792,775.5223,-115.5542,-379.1147,,,,,,,
10-7-2021-17:25:09,62.58789,137.9828,234.4164,769.0826,-115.6844,-379.542,,,,,,,
10-7-2021-17:25:10,62.71369,138.2601,232.4384,762.5931,-115.2611,-378.1533,,,,,,,
10-7-2021-17:25:11,61.83336,136.3193,230.4759,756.1544,-114.8053,-376.6578,,,,,,,
10-7-2021-17:25:12,63.34247,139.6464,228.5169,749.7272,-114.2192,-374.735,,,,,,,
10-7-2021-17:25:13,63.21667,139.369,226.5579,743.3,-114.2518,-374.8418,,,,,,,
10-7-2021-17:25:14,67.61816,149.0726,224.6013,736.8809,-113.9913,-373.9872,,,,,,,
10-7-2021-17:25:15,65.22882,143.8051,222.5826,730.2578,-114.2192,-374.735,,,,,,,
10-7-2021-17:25:16,62.21065,137.1511,220.6116,723.7915,-113.9262,-373.7736,,,,,,,
10-7-2021-17:25:17,58.43795,128.8337,218.543,717.0047,-116.01,-380.6102,,,,,,,
10-7-2021-17:25:18,64.97727,143.2505,216.5542,710.4796,-116.4984,-382.2126,,,,,,,
10-7-2021-17:25:19,64.72578,142.696,214.5746,703.9847,-115.8472,-380.0761,,,,,,,
10-7-2021-17:25:20,62.83944,138.5374,212.6212,697.5762,-116.4984,-382.2126,,,,,,,
10-7-2021-17:25:22,64.097,141.3098,210.6405,691.0778,-115.9774,-380.5034,,,,,,,
10-7-2021-17:25:23,64.97727,143.2505,208.6908,684.6809,-116.5961,-382.5331,,,,,,,
10-7-2021-17:25:24,62.21065,137.1511,206.7293,678.2457,-115.5542,-379.1147,,,,,,,
10-7-2021-17:25:25,58.81519,129.6654,204.7773,671.8417,-116.1728,-381.1443,,,,,,,
10-7-2021-17:25:26,66.48639,146.5775,202.8186,665.4154,-115.1309,-377.726,,,,,,,
10-7-2021-17:25:27,57.68337,127.1702,200.8661,659.0096,-115.6193,-379.3284,,,,,,,
10-7-2021-17:25:28,60.3243,132.9924,198.887,652.5165,-117.3449,-384.99,,,,,,,
10-7-2021-17:25:29,58.68945,129.3882,196.9362,646.1161,-114.4797,-375.5896,,,,,,,
10-7-2021-17:25:30,63.59396,140.2008,194.9726,639.6738,-114.8053,-376.6578,,,,,,,
10-7-2021-17:25:31,62.83944,138.5374,193.0195,633.2662,-115.9449,-380.3966,,,,,,,
10-7-2021-17:25:32,58.94094,129.9426,191.0361,626.7589,-116.7914,-383.174,,,,,,,
10-7-2021-17:25:33,58.94094,129.9426,189.0491,620.24,-115.8472,-380.0761,,,,,,,
10-7-2021-17:25:34,57.80917,127.4475,187.0863,613.8004,-114.089,-374.3077,,,,,,,
10-7-2021-17:25:35,61.33032,135.2103,185.1187,607.3447,-118.3543,-388.3015,,,,,,,
10-7-2021-17:25:36,58.31215,128.5564,183.1515,600.8907,-115.2286,-378.0465,,,,,,,
10-7-2021-17:25:37,57.30613,126.3385,181.202,594.4948,-116.5961,-382.5331,,,,,,,
10-7-2021-17:25:38,62.08485,136.8738,179.2397,588.0569,-115.4239,-378.6874,,,,,,,
10-7-2021-17:25:39,54.91675,121.0708,177.3331,581.8015,-114.7402,-376.4441,,,,,,,
10-7-2021-17:25:40,58.31215,128.5564,175.3706,575.3627,-109.4981,-359.2456,,,,,,,
10-7-2021-17:25:41,58.43795,128.8337,173.5206,569.2935,-108.3585,-355.5068,,,,,,,
10-7-2021-17:25:42,54.41371,119.9618,171.6661,563.209,-108.3259,-355.4,,,,,,,
10-7-2021-17:25:43,55.54553,122.457,169.8938,557.3942,-102.2373,-335.4241,,,,,,,
10-7-2021-17:25:44,57.30613,126.3385,168.2585,552.0291,-93.77177,-307.6501,,,,,,,
10-7-2021-17:25:45,51.89858,114.4169,166.7048,546.9318,-90.28789,-296.2201,,,,,,,
10-7-2021-17:25:46,50.13797,110.5354,165.1357,541.7839,-93.64153,-307.2228,,,,,,,
10-7-2021-17:25:47,53.40763,117.7438,163.571,536.6501,-94.97647,-311.6026,,,,,,,
10-7-2021-17:25:48,51.89858,114.4169,162.0955,531.8093,-85.72954,-281.2649,,,,,,,
10-7-2021-17:25:49,53.15614,117.1893,160.7448,527.3779,-79.41296,-260.5412,,,,,,,
10-7-2021-17:25:50,52.02432,114.6941,159.3512,522.8058,-77.39426,-253.9182,,,,,,,
10-7-2021-17:25:51,49.00615,108.0402,158.0497,518.5356,-75.6686,-248.2566,,,,,,,
10-7-2021-17:25:52,47.62284,104.9905,156.8086,514.4639,-71.04514,-233.0877,,,,,,,
10-7-2021-17:25:53,46.74257,103.0498,155.6169,510.5541,-69.25436,-227.2125,,,,,,,
10-7-2021-17:25:54,48.62892,107.2085,154.4521,506.7325,-69.84043,-229.1353,,,,,,,
10-7-2021-17:25:55,46.61677,102.7725,153.2802,502.8878,-68.66828,-225.2896,,,,,,,
10-7-2021-17:25:56,46.61677,102.7725,152.1509,499.1828,-66.09608,-216.8506,,,,,,,
10-7-2021-17:25:57,48.25163,106.3767,151.1055,495.7529,-61.70052,-202.4295,,,,,,,
10-7-2021-17:25:58,48.62892,107.2085,150.0677,492.348,-58.37944,-191.5336,,,,,,,
10-7-2021-17:26:00,50.8925,112.1989,149.0388,488.9724,-59.25855,-194.4178,,,,,,,
10-7-2021-17:26:01,46.99406,103.6042,148.037,485.6858,-58.70504,-192.6018,,,,,,,
10-7-2021-17:26:02,49.88648,109.981,147.0958,482.5977,-55.22115,-181.1718,,,,,,,
10-7-2021-17:26:03,51.52129,113.5851,146.227,479.7473,-50.07673,-164.2937,,,,,,,
10-7-2021-17:26:04,52.65311,116.0803,145.4024,477.042,-49.88137,-163.6528,,,,,,,
10-7-2021-17:26:05,49.00615,108.0402,144.6166,474.464,-47.86267,-157.0298,,,,,,,
10-7-2021-17:26:06,45.61075,100.5546,143.7595,471.6519,-49.2953,-161.73,,,,,,,
10-7-2021-17:26:07,45.61075,100.5546,142.8218,468.5754,-56.10026,-184.056,,,,,,,
10-7-2021-17:26:08,46.61677,102.7725,141.855,465.4037,-59.35623,-194.7383,,,,,,,
10-7-2021-17:26:09,46.74257,103.0498,140.8655,462.1571,-58.67247,-192.495,,,,,,,
10-7-2021-17:26:10,45.73649,100.8318,139.8627,458.867,-59.19343,-194.2042,,,,,,,
10-7-2021-17:26:11,47.4971,104.7133,138.8357,455.4976,-61.6354,-202.2159,,,,,,,
10-7-2021-17:26:12,46.11378,101.6636,137.7951,452.0837,-60.91909,-199.8658,,,,,,,
10-7-2021-17:26:13,43.22136,95.28687,136.7562,448.6752,-61.08189,-200.3999,,,,,,,
10-7-2021-17:26:14,44.60467,98.33655,135.7194,445.2737,-59.06319,-193.7769,,,,,,,
10-7-2021-17:26:15,46.61677,102.7725,134.6816,441.8688,-60.72373,-199.2248,,,,,,,
10-7-2021-17:26:16,44.60467,98.33655,133.6389,438.4478,-60.75629,-199.3317,,,,,,,
10-7-2021-17:26:17,44.22738,97.50476,132.597,435.0294,-60.95165,-199.9726,,,,,,,
10-7-2021-17:26:18,45.3592,100.0,131.5624,431.6351,-60.95165,-199.9726,,,,,,,
10-7-2021-17:26:19,44.60467,98.33655,130.5007,428.1518,-60.59349,-198.7975,,,,,,,
10-7-2021-17:26:20,46.23953,101.9408,129.4623,424.745,-62.97035,-206.5956,,,,,,,
10-7-2021-17:26:21,44.85616,98.89099,128.419,421.3223,-61.21213,-200.8272,,,,,,,
10-7-2021-17:26:22,45.73649,100.8318,127.3994,417.9769,-60.49581,-198.4771,,,,,,,
10-7-2021-17:26:23,49.38345,108.8719,126.4622,414.9022,-55.67698,-182.6673,,,,,,,
10-7-2021-17:26:24,45.61075,100.5546,125.2754,411.0085,-53.69085,-176.1511,,,,,,,
10-7-2021-17:26:25,42.84407,94.45508,124.3314,407.9115,-55.57931,-182.3468,,,,,,,
10-7-2021-17:26:26,48.12588,106.0995,123.2472,404.3543,-66.91006,-219.5212,,,,,,,
10-7-2021-17:26:27,46.49102,102.4952,121.8612,399.8072,-85.53419,-280.624,,,,,,,
10-7-2021-17:26:28,50.01223,110.2582,120.2523,394.5284,-96.01838,-315.0209,,,,,,,
10-7-2021-17:26:30,52.15007,114.9713,118.5969,389.0973,-97.64635,-320.3621,,,,,,,
10-7-2021-17:26:31,52.90465,116.6349,116.9222,383.6031,-97.35333,-319.4007,,,,,,,
10-7-2021-17:26:32,49.88648,109.981,115.1502,377.7892,-100.3163,-329.1216,,,,,,,
10-7-2021-17:26:33,48.88041,107.7629,113.4516,372.2166,-100.3488,-329.2284,,,,,,,
10-7-2021-17:26:34,49.88648,109.981,111.7205,366.5372,-99.37202,-326.0237,,,,,,,
10-7-2021-17:26:35,50.8925,112.1989,110.0443,361.0376,-99.69762,-327.0919,,,,,,,
10-7-2021-17:26:36,51.89858,114.4169,108.3023,355.3226,-99.1441,-325.2759,,,,,,,
10-7-2021-17:26:37,51.14405,112.7534,106.6051,349.7544,-99.4697,-326.3442,,,,,,,
10-7-2021-17:26:38,50.38947,111.0898,104.8974,344.1516,-98.29755,-322.4985,,,,,,,
10-7-2021-17:26:39,49.63494,109.4264,103.1856,338.5353,-101.6512,-333.5013,,,,,,,
10-7-2021-17:26:40,51.14405,112.7534,101.3232,332.4251,-100.3814,-329.3352,,,,,,,
10-7-2021-17:26:41,54.91675,121.0708,99.59017,326.7394,-101.4558,-332.8604,,,,,,,
10-7-2021-17:26:42,52.40162,115.5259,97.87889,321.125,-99.76274,-327.3056,,,,,,,
10-7-2021-17:26:43,51.14405,112.7534,96.15405,315.466,-101.7163,-333.715,,,,,,,
10-7-2021-17:26:44,48.50312,106.9312,94.3942,309.6923,-102.4978,-336.2787,,,,,,,
10-7-2021-17:26:45,52.65311,116.0803,92.52962,303.5749,-108.1957,-354.9727,,,,,,,
10-7-2021-17:26:46,53.53344,118.0211,90.66314,297.4512,-109.726,-359.9934,,,,,,,
10-7-2021-17:26:47,53.40763,117.7438,88.801,291.3419,-110.9307,-363.9459,,,,,,,
10-7-2021-17:26:48,53.0304,116.9121,86.93967,285.2351,-109.9865,-360.848,,,,,,,
10-7-2021-17:26:49,55.04249,121.348,85.10005,279.1996,-107.7073,-353.3704,,,,,,,
10-7-2021-17:26:50,54.41371,119.9618,83.13833,272.7635,-113.0145,-370.7825,,,,,,,
10-7-2021-17:26:51,52.90465,116.6349,81.26833,266.6284,-109.3027,-358.6047,,,,,,,
10-7-2021-17:26:52,52.90465,116.6349,79.39099,260.4691,-108.9446,-357.4297,,,,,,,
10-7-2021-17:26:53,54.791,120.7936,77.49412,254.2458,-112.8192,-370.1416,,,,,,,
10-7-2021-17:26:54,54.03642,119.13,75.58829,247.9931,-112.4284,-368.8597,,,,,,,
10-7-2021-17:26:55,55.29398,121.9025,73.69115,241.7689,-113.0145,-370.7825,,,,,,,
10-7-2021-17:26:56,48.00013,105.8223,71.79781,235.5571,-110.3772,-362.1299,,,,,,,
10-7-2021-17:26:57,54.03642,119.13,69.90202,229.3373,-168.7566,-553.6635,,,,,,,
10-7-2021-17:26:58,51.89858,114.4169,68.00895,223.1265,-112.1354,-367.8983,,,,,,,
10-7-2021-17:26:59,49.00615,108.0402,66.10285,216.8729,-112.0052,-367.471,,,,,,,
10-7-2021-17:27:00,54.28796,119.6846,64.20924,210.6602,-122.2289,-401.0134,,,,,,,
10-7-2021-17:27:01,52.40162,115.5259,62.30613,204.4164,-113.4052,-372.0644,,,,,,,
10-7-2021-17:27:02,50.13797,110.5354,60.39108,198.1335,-110.7679,-363.4117,,,,,,,
10-7-2021-17:27:03,49.1319,108.3174,58.49692,191.919,-110.6051,-362.8776,,,,,,,
10-7-2021-17:27:04,50.51527,111.3672,56.61633,185.7491,-110.2469,-361.7026,,,,,,,
10-7-2021-17:27:06,48.88041,107.7629,54.8033,179.8009,-111.4516,-365.655,,,,,,,
10-7-2021-17:27:07,54.03642,119.13,53.04861,174.044,-104.1908,-341.8335,,,,,,,
10-7-2021-17:27:08,48.00013,105.8223,51.36446,168.5186,-99.63251,-326.8783,,,,,,,
10-7-2021-17:27:09,46.74257,103.0498,49.6719,162.9656,-98.19987,-322.1781,,,,,,,
10-7-2021-17:27:10,45.23346,99.72278,47.96632,157.3698,-100.7721,-330.6171,,,,,,,
10-7-2021-17:27:11,45.73649,100.8318,46.26101,151.775,-99.04643,-324.9555,,,,,,,
10-7-2021-17:27:12,46.99406,103.6042,44.55326,146.1721,-100.2186,-328.8011,,,,,,,
10-7-2021-17:27:13,48.62892,107.2085,42.85229,140.5915,-99.69762,-327.0919,,,,,,,
10-7-2021-17:27:14,46.74257,103.0498,41.15105,135.01,-101.3582,-332.5399,,,,,,,
10-7-2021-17:27:15,42.34103,93.34607,39.44275,129.4053,-139.7134,-458.3773,,,,,,,
10-7-2021-17:27:16,48.00013,105.8223,37.6924,123.6627,-98.65571,-323.6736,,,,,,,
10-7-2021-17:27:17,43.22136,95.28687,36.01965,118.1747,-97.2882,-319.187,,,,,,,
10-7-2021-17:27:18,46.61677,102.7725,34.39248,112.8362,-96.4091,-316.3028,,,,,,,
10-7-2021-17:27:19,49.1319,108.3174,32.76423,107.4942,-97.12541,-318.6529,,,,,,,
10-7-2021-17:27:20,42.34103,93.34607,31.13109,102.1361,-96.96262,-318.1188,,,,,,,
10-7-2021-17:27:21,45.10771,99.44556,29.48167,96.72464,-97.61381,-320.2553,,,,,,,
10-7-2021-17:27:22,41.71225,91.95984,27.97199,91.77161,-85.40394,-280.1967,,,,,,,
10-7-2021-17:27:23,38.81988,85.58325,26.67177,87.50581,-75.08253,-246.3338,,,,,,,
10-7-2021-17:27:24,39.95164,88.07837,25.44075,83.46702,-72.21728,-236.9333,,,,,,,
10-7-2021-17:27:25,40.32894,88.91016,24.22817,79.48875,-72.18472,-236.8265,,,,,,,
10-7-2021-17:27:26,43.85014,96.6731,22.96784,75.35381,-74.56158,-244.6246,,,,,,,
10-7-2021-17:27:27,43.09562,95.00964,21.70643,71.21531,-74.72437,-245.1587,,,,,,,
10-7-2021-17:27:28,38.81988,85.58325,20.46753,67.1507,-74.7895,-245.3724,,,,,,,
10-7-2021-17:27:29,35.29867,77.82031,19.50214,63.9834,-55.54675,-182.24,,,,,,,
10-7-2021-17:27:30,39.32286,86.69214,18.60621,61.04399,-67.88686,-222.7259,,,,,,,
10-7-2021-17:27:31,36.30474,80.03833,17.73144,58.17401,-52.29079,-171.5577,,,,,,,
10-7-2021-17:27:32,38.44258,84.75146,16.86155,55.32006,-52.32334,-171.6645,,,,,,,
10-7-2021-17:27:33,38.69408,85.30591,15.98895,52.4572,-50.20697,-164.721,,,,,,,
10-7-2021-17:27:34,35.92746,79.20654,15.09926,49.53826,-53.20246,-174.5487,,,,,,,
10-7-2021-17:27:35,39.70015,87.52393,14.22585,46.67274,-51.11864,-167.7121,,,,,,,
10-7-2021-17:27:36,37.8138,83.36523,13.30278,43.64431,-50.46745,-165.5756,,,,,,,
10-7-2021-17:27:37,39.8259,87.80115,12.43778,40.80637,-52.71406,-172.9464,,,,,,,
10-7-2021-17:27:38,37.8138,83.36523,11.55894,37.92305,-51.18375,-167.9257,,,,,,,
10-7-2021-17:27:39,36.30474,80.03833,10.68987,35.07176,-49.68601,-163.0118,,,,,,,
10-7-2021-17:27:40,36.55624,80.59277,9.841152,32.28724,-53.03966,-174.0146,,,,,,,
10-7-2021-17:27:41,35.04718,77.26587,8.982662,29.47068,-49.68601,-163.0118,,,,,,,
10-7-2021-17:27:42,37.8138,83.36523,8.120917,26.64343,-49.26274,-161.6232,,,,,,,
10-7-2021-17:27:43,36.80773,81.14722,7.265684,23.83755,-52.25822,-171.4509,,,,,,,
10-7-2021-17:27:44,36.55624,80.59277,6.405024,21.01386,-50.59768,-166.0029,,,,,,,
10-7-2021-17:27:45,34.66989,76.43408,5.543821,18.18839,-49.1325,-161.1959,,,,,,,
10-7-2021-17:27:47,38.31684,84.47424,4.687774,15.37984,-51.05352,-167.4984,,,,,,,
10-7-2021-17:27:48,37.8138,83.36523,3.843666,12.61045,-50.69536,-166.3234,,,,,,,
10-7-2021-17:27:49,35.55016,78.37476,3.020178,9.908721,-47.17892,-154.7865,,,,,,,
10-7-2021-17:27:50,35.92746,79.20654,2.334798,7.660097,-35.58768,-116.7575,,,,,,,
10-7-2021-17:27:51,33.03503,72.82983,1.905282,6.250924,-22.98711,-75.41702,,,,,,,
10-7-2021-17:27:52,34.66989,76.43408,1.476308,4.843532,-26.27563,-86.20613,,,,,,,
10-7-2021-17:27:53,35.55016,78.37476,1.029699,3.378276,-26.89426,-88.23577,,,,,,,
10-7-2021-17:27:54,32.90929,72.55261,6.63131e-1,2.175628,-20.02418,-65.69612,,,,,,,
10-7-2021-17:27:55,33.91536,74.77063,2.92494e-1,9.59626e-1,-22.2708,-73.06692,,,,,,,
10-7-2021-17:27:56,34.41834,75.87952,-6.67473e-2,-2.18987e-1,-21.58704,-70.82363,,,,,,,
10-7-2021-17:27:57,34.16685,75.32507,-4.41726e-1,-1.449232,-21.9452,-71.99868,,,,,,,
10-7-2021-17:27:58,32.53199,71.72083,-7.29336e-1,-2.392834,-17.97292,-58.96628,,,,,,,
10-7-2021-17:27:59,35.55016,78.37476,-8.99189e-1,-2.950094,-10.02837,-32.90147,,,,,,,
10-7-2021-17:28:00,34.66989,76.43408,-1.083422,-3.554534,-10.61444,-34.82429,,,,,,,
10-7-2021-17:28:01,34.92138,76.98853,-1.27064,-4.168766,-11.03772,-36.21299,,,,,,,
10-7-2021-17:28:02,34.92138,76.98853,-1.471696,-4.828398,-11.75403,-38.56309,,,,,,,
10-7-2021-17:28:03,34.66989,76.43408,-1.674922,-5.495152,-11.85171,-38.88356,,,,,,,
10-7-2021-17:28:04,35.04718,77.26587,-1.862411,-6.110274,-11.00516,-36.10616,,,,,,,
10-7-2021-17:28:05,35.04718,77.26587,-2.057769,-6.751212,-11.81915,-38.77674,,,,,,,
10-7-2021-17:28:06,34.54414,76.15686,-2.259639,-7.413514,-12.20987,-40.05861,,,,,,,
10-7-2021-17:28:07,33.16077,73.10706,-2.443601,-8.017064,-10.51676,-34.50382,,,,,,,
10-7-2021-17:28:08,35.29867,77.82031,-2.628377,-8.623284,-10.74468,-35.25158,,,,,,,
10-7-2021-17:28:09,33.91536,74.77063,-2.808541,-9.214372,-10.71212,-35.14476,,,,,,,
10-7-2021-17:28:10,34.16685,75.32507,-2.981107,-9.780533,-10.12605,-33.22194,,,,,,,
10-7-2021-17:28:11,34.41834,75.87952,-3.139835,-10.3013,-9.181819,-30.12408,,,,,,,
10-7-2021-17:28:12,35.42442,78.09753,-3.307245,-10.85054,-9.702773,-31.83324,,,,,,,
10-7-2021-17:28:13,34.54414,76.15686,-3.475471,-11.40246,-9.735332,-31.94007,,,,,,,
10-7-2021-17:28:14,33.66381,74.21606,-3.649393,-11.97307,-10.28885,-33.75606,,,,,,,
10-7-2021-17:28:15,34.66989,76.43408,-3.801067,-12.47069,-8.530626,-27.98762,,,,,,,
10-7-2021-17:28:16,34.16685,75.32507,-3.963593,-13.00392,-9.605095,-31.51278,,,,,,,
10-7-2021-17:28:17,36.30474,80.03833,-4.127748,-13.54248,-9.735332,-31.94007,,,,,,,
10-7-2021-17:28:18,34.16685,75.32507,-4.281864,-14.04811,-9.08414,-29.80361,,,,,,,
10-7-2021-17:28:19,34.92138,76.98853,-4.418615,-14.49677,-7.846873,-25.74434,,,,,,,
10-7-2021-17:28:20,34.92138,76.98853,-4.556722,-14.94987,-8.042232,-26.38527,,,,,,,
10-7-2021-17:28:21,35.04718,77.26587,-4.6951,-15.40387,-8.139911,-26.70574,,,,,,,
10-7-2021-17:28:22,34.41834,75.87952,-4.839448,-15.87745,-8.530626,-27.98762,,,,,,,
10-7-2021-17:28:23,34.92138,76.98853,-4.976741,-16.32789,-8.042232,-26.38527,,,,,,,
10-7-2021-17:28:24,34.41834,75.87952,-5.107522,-16.75696,-7.553837,-24.78293,,,,,,,
10-7-2021-17:28:25,34.16685,75.32507,-5.252413,-17.23232,-8.465507,-27.77397,,,,,,,
10-7-2021-17:28:26,34.0411,75.04785,-5.393776,-17.69612,-8.335268,-27.34668,,,,,,,
10-7-2021-17:28:27,34.92138,76.98853,-5.530255,-18.14388,-8.074791,-26.4921,,,,,,,
10-7-2021-17:28:28,35.42442,78.09753,-5.659951,-18.56939,-7.618956,-24.99657,,,,,,,
10-7-2021-17:28:29,35.29867,77.82031,-5.778794,-18.9593,-6.837524,-22.43282,,,,,,,
10-7-2021-17:28:31,34.41834,75.87952,-5.912288,-19.39727,-7.325919,-24.03517,,,,,,,
10-7-2021-17:28:32,34.66989,76.43408,-6.040356,-19.81744,-7.586396,-24.88975,,,,,,,
10-7-2021-17:28:33,34.16685,75.32507,-6.174936,-20.25898,-8.139911,-26.70574,,,,,,,
10-7-2021-17:28:34,34.0411,75.04785,-6.299748,-20.66846,-7.651516,-25.1034,,,,,,,
10-7-2021-17:28:35,34.0411,75.04785,-6.420761,-21.06549,-6.837524,-22.43282,,,,,,,
10-7-2021-17:28:36,33.41232,73.66162,-6.552628,-21.49812,-7.944552,-26.0648,,,,,,,
10-7-2021-17:28:37,35.29867,77.82031,-6.704301,-21.99574,-12.86106,-42.19508,,,,,,,
10-7-2021-17:28:38,35.29867,77.82031,-6.835897,-22.42748,-7.814314,-25.63751,,,,,,,
10-7-2021-17:28:39,35.04718,77.26587,-6.961794,-22.84053,-7.488718,-24.56928,,,,,,,
10-7-2021-17:28:40,35.29867,77.82031,-7.07928,-23.22598,-6.739846,-22.11235,,,,,,,
10-7-2021-17:28:41,35.42442,78.09753,-7.204635,-23.63725,-7.29336,-23.92834,,,,,,,
10-7-2021-17:28:42,34.66989,76.43408,-7.331889,-24.05475,-7.488718,-24.56928,,,,,,,
10-7-2021-17:28:43,35.04718,77.26587,-7.465926,-24.49451,-7.814314,-25.63751,,,,,,,
10-7-2021-17:28:44,34.0411,75.04785,-7.596164,-24.9218,-7.065442,-23.18058,,,,,,,
10-7-2021-17:28:45,34.66989,76.43408,-7.711751,-25.30102,-7.098001,-23.28741,,,,,,,
10-7-2021-17:28:46,35.55016,78.37476,-7.838462,-25.71674,-7.358479,-24.14199,,,,,,,
10-7-2021-17:28:47,34.0411,75.04785,-7.927187,-26.00783,-4.200194,-13.78016,,,,,,,
10-7-2021-17:28:48,113.2679,249.7133,-7.922846,-25.99359,1.30239e-1,4.27292e-1,,,,,,,
10-7-2021-17:28:49,36.30474,80.03833,-7.832493,-25.69715,7.065442,23.18058,,,,,,,
10-7-2021-17:28:50,31.14868,68.67114,-7.832493,-25.69715,0.0,0.0,,,,,,,
10-7-2021-17:28:51,29.89112,65.89868,-7.832493,-25.69715,0.0,0.0,,,,,,,
10-7-2021-17:28:52,30.64564,67.56213,-7.832222,-25.69627,0.0,0.0,,,,,,,
10-7-2021-17:28:53,39.70015,87.52393,-7.832493,-25.69715,0.0,0.0,,,,,,,
10-7-2021-17:28:54,29.63962,65.34424,-7.832493,-25.69715,0.0,0.0,,,,,,,
10-7-2021-17:28:55,30.14266,66.45325,-7.832493,-25.69715,0.0,0.0,,,,,,,
10-7-2021-17:28:56,30.01686,66.1759,-7.832493,-25.69715,0.0,0.0,,,,,,,
10-7-2021-17:28:57,30.39415,67.00769,-7.832493,-25.69715,0.0,0.0,,,,,,,
10-7-2021-17:28:58,29.51388,65.06702,-7.832493,-25.69715,0.0,0.0,,,,,,,
10-7-2021-17:29:00,30.64564,67.56213,-7.832493,-25.69715,0.0,0.0,,,,,,,
